id,version,id_code,name,group_code,group_label,tier,phase,likely_phase,phase_rationale,key_figures,primary_source,one_line_pitch,description,connects_to_raw,connects_to_ids,master_table_connections,discipline_phase,discipline_name,source_file,source_date
v5-cybernetics-and-control-theory,v5,2,Cybernetics & Control Theory,T1,Tier 1: Core Bridges (Start Here),T1,1,,"Formalizes what systems thinking introduces. Adds regulation, goal-seeking, and self-organization. The intellectual ancestor of half the list.",Wiener|Ashby|Beer|Pontryagin,,,"The intellectual ancestor of systems thinking. Directly links Fuller's anticipatory design, distributed systems (feedback loops), economics (regulation), genetic algorithms (adaptive systems), multi-agent behavior, and autonomous research agents. Stafford Beer's Viable System Model mirrors microservices architecture. The study of regulation, goal-seeking, and self-organization across machines, organisms, and organizations.",Systems thinking|information theory|complex systems|economics|AI|biology|organizational design|artificial life,v5-systems-thinking-and-system-dynamics|v5-information-theory|v5-complex-systems-and-chaos-theory||v5-machine-learning-and-statistical-learning-theory|||v5-artificial-life-and-self-organization,"Systems thinking, info theory, complex systems, AI, biology",1,The Meta-Frameworks,research-topics-v5.md,2026-03-29
v5-information-theory,v5,3,Information Theory,T1,Tier 1: Core Bridges (Start Here),T1,1,,"The quantitative backbone. Once you have feedback (cybernetics) and flows (systems), Shannon gives you the formal measure of signal, noise, and surprise.",Shannon|Kolmogorov|Chaitin,,,"The formal backbone linking crypto (entropy, randomness), computation (algorithmic information), music (information content of signals), signal processing (channel capacity), NLP (compression=understanding), and probability. Makes explicit the vault's implicit themes of signal vs. noise, compression, coding, and the thermodynamics of information.",Cybernetics|complex systems|DSP|quantum computing|statistical mechanics|linguistics|machine learning,v5-cybernetics-and-control-theory|v5-complex-systems-and-chaos-theory||v5-quantum-computing-and-quantum-information||v5-linguistics-and-natural-language-structure|v5-machine-learning-and-statistical-learning-theory,"Cybernetics, complex systems, DSP, quantum, ML",1,The Meta-Frameworks,research-topics-v5.md,2026-03-29
v5-complex-systems-and-chaos-theory,v5,6,Complex Systems & Chaos Theory,T1,Tier 1: Core Bridges (Start Here),T1,2,,"Emergence, attractors, phase transitions, power laws. Builds directly on cybernetics and information theory.",Lorenz|Mandelbrot|Prigogine|Santa Fe Institute,,,"Unifies Wolfram's cellular automata, evolution, economics (nonlinear markets), agent-based modeling, and emergence. Covers strange attractors, phase transitions, self-organized criticality, path dependence, and power laws — patterns that recur across weather, markets, ecosystems, and neural networks.",Network science|cybernetics|information theory|game theory|statistical mechanics|artificial life|morphogenesis,v5-network-science-and-graph-theory|v5-cybernetics-and-control-theory|v5-information-theory|v5-game-theory-and-mechanism-design||v5-artificial-life-and-self-organization|v5-morphogenesis-and-biological-pattern-formation,"Networks, cybernetics, info theory, game theory, ALife",2,Structure & Connection,research-topics-v5.md,2026-03-29
v5-network-science-and-graph-theory,v5,7,Network Science & Graph Theory,T1,Tier 1: Core Bridges (Start Here),T1,2,,"The mathematics of connection. Once you see emergence (complex systems), networks show you the *topology* through which emergence propagates.",Euler|Barabási|Watts|Newman,,,"The mathematics of connection underlying crypto (P2P topology), distributed systems, information retrieval (PageRank), knowledge graphs, evolution (phylogenetics), and social coordination. Scale-free networks, small-world phenomena, centrality, community detection, and cascading failure.",Complex systems|operations research|epidemiology|cryptography|sociology,v5-complex-systems-and-chaos-theory|v5-operations-research-and-optimization|||,"Complex systems, OR, crypto, sociology",2,Structure & Connection,research-topics-v5.md,2026-03-29
v5-dynamical-systems-and-bifurcation-theory,v5,8,Dynamical Systems & Bifurcation Theory,T1,Tier 1: Core Bridges (Start Here),T1,2,,"The deeper math beneath chaos and complexity. Phase space, stability, bifurcation. Best absorbed after the intuitive exposure from Phase 1 and complex systems.",Poincaré|Smale|Strogatz|Arnold|Takens,,,"The mathematics of change over time: attractors, stability, phase space, bifurcations, oscillation, and nonlinear dynamics. Complex systems and chaos already appear in the vault, but this topic provides the deeper mathematical backbone beneath them. It clarifies how systems shift regime, how patterns persist, and how form unfolds through time in physics, biology, cognition, and control.",Complex systems|chaos theory|cybernetics|control theory|morphogenesis|robotics|neuroscience|mathematical physics,v5-complex-systems-and-chaos-theory|v5-complex-systems-and-chaos-theory|v5-cybernetics-and-control-theory|v5-cybernetics-and-control-theory|v5-morphogenesis-and-biological-pattern-formation|v5-robotics-and-embodied-intelligence|v5-neuroscience-and-neural-computation|v5-mathematical-physics-and-symmetry,"Complex systems, cybernetics, morphogenesis, neuro",2,Structure & Connection,research-topics-v5.md,2026-03-29
v5-systems-thinking-and-system-dynamics,v5,1,Systems Thinking & System Dynamics,T1,Tier 1: Core Bridges (Start Here),T1,1,,"Most accessible entry point. Stocks, flows, feedback loops, leverage points — a thinking style that applies everywhere. Low math barrier, high return.",Forrester|Meadows|Senge|Sterman,,,"Stock-and-flow modeling, feedback loops, leverage points, and the art of seeing systems. The practical counterpart to cybernetics. Useful for macroeconomics, organizational design, population dynamics, and infrastructure.",Cybernetics|operations research|economics|complexity science,v5-cybernetics-and-control-theory|v5-operations-research-and-optimization||,"Cybernetics, OR, economics, complexity",1,The Meta-Frameworks,research-topics-v5.md,2026-03-29
v5-causal-inference-and-causal-models,v5,41,Causal Inference & Causal Models,T1,Tier 1: Core Bridges (Start Here),T1,8,,"Pearl's DAGs, interventions, counterfactuals. The formal study of *what actually changes what.* Placed here (rather than earlier) because it benefits enormously from prior probability, epistemology, and ML context.",Pearl|Rubin|Spirtes|Cartwright|Hernán,,,"The formal study of cause rather than correlation. DAGs, interventions, counterfactuals, identifiability, confounding, and causal discovery. This topic fills a major gap between machine learning, philosophy of science, epistemology, decision theory, and policy reasoning. If probability tells us how beliefs update and machine learning tells us how patterns are learned, causal inference tells us what actually changes what.",Machine learning|statistics|epistemology|decision theory|philosophy of science|economics|neuroscience|AI,v5-machine-learning-and-statistical-learning-theory|v7-statistics-classical-and-modern|v5-epistemology-and-philosophy-of-knowledge|v5-decision-theory-and-rationality|v5-history-and-philosophy-of-science||v5-neuroscience-and-neural-computation|v5-machine-learning-and-statistical-learning-theory,"ML, statistics, epistemology, decision theory, econ",8,Quantitative Reasoning & Decision,research-topics-v5.md,2026-03-29
v5-category-theory-and-abstract-algebra,v5,9,Category Theory & Abstract Algebra,T1,Tier 1: Core Bridges (Start Here),T1,2,,"The ""math of math."" Functors, morphisms, structure-preserving maps. Demanding, but this is the phase where formal abstraction is the theme — and it pays compound interest later in logic, computation, and physics.",Eilenberg|Mac Lane|Lawvere,,,"The ""mathematics of mathematics"" — morphisms, functors, and structure-preserving transformation. Unifies computation theory, programming language design, crypto (algebraic structures in ZK proofs), and Alexander's pattern language (categorical thinking applied to design). High synthesis value for understanding abstraction itself.",Logic|type theory|topology|philosophy of mathematics|software architecture|mathematical physics,v5-logic-formal-semantics-and-model-theory|v6-type-theory-and-homotopy-type-theory||v5-philosophy-of-mathematics||v5-mathematical-physics-and-symmetry,"Logic, type theory, topology, software arch, math physics",2,Structure & Connection,research-topics-v5.md,2026-03-29
v5-cognitive-science-and-perception,v5,11,Cognitive Science & Perception,T1,Tier 1: Core Bridges (Start Here),T1,3,,"The science of how minds work — from Gestalt principles to predictive processing. Foundation for everything in design, HCI, aesthetics, and AI.",Marr|Kahneman|Tversky|Hawkins,,,"The science behind subjective experience. Explains why film cuts work, why musical tension resolves, how interfaces guide attention, and why spatial design affects cognition. Bridges behavioral economics, AI, phenomenology, and the creative domains. From Gestalt principles to predictive processing.",Neuroscience|psychology|AI|phenomenology|HCI|design|psychoacoustics|aesthetics|game design,v5-neuroscience-and-neural-computation||v5-machine-learning-and-statistical-learning-theory|v5-phenomenology-and-embodied-experience|v5-human-computer-interaction-and-interface-design|||v5-aesthetics-and-philosophy-of-art|v5-game-design-ludology-and-interactive-systems,"Neuro, psychology, AI, phenomenology, HCI, design",3,Mind & Perception,research-topics-v5.md,2026-03-29
v5-distributed-cognition-and-the-extended-mind,v5,14,Distributed Cognition & The Extended Mind,T1,Tier 1: Core Bridges (Start Here),T1,3,,"Thinking isn't confined to the skull. Tools, notebooks, dashboards, software, and social systems as cognitive infrastructure. Bridges mind to design.",Hutchins|Clark|Chalmers|Suchman|Norman,,,"The idea that thinking is not confined to the brain but distributed across bodies, tools, symbols, interfaces, and social systems. Explains why notebooks, maps, dashboards, notation systems, software environments, and collaborative workflows function as parts of cognition rather than mere supports. A strong bridge topic linking HCI, cognitive science, anthropology, symbolic systems, organizational design, and AI agents.",Cognitive science|HCI|anthropology|writing systems|semiotics|organizational design|AI agents|epistemology,v5-cognitive-science-and-perception|v5-human-computer-interaction-and-interface-design|v5-anthropology-cultural-evolution-and-technology-studies|v5-writing-systems-notation-and-symbolic-representation|v5-semiotics-structuralism-and-the-science-of-signs||v5-machine-learning-and-statistical-learning-theory|v5-epistemology-and-philosophy-of-knowledge,"Cogsci, HCI, anthropology, semiotics, AI agents",3,Mind & Perception,research-topics-v5.md,2026-03-29
v5-ecological-psychology-and-affordance-theory,v5,15,Ecological Psychology & Affordance Theory,T1,Tier 1: Core Bridges (Start Here),T1,3,,Perception as direct detection of possibilities for action. Gibson's affordances connect cognition to the physical and designed world — the transition point toward the design phases.,Gibson|Eleanor Gibson|Reed|Norman|Chemero,,,"A perception-action framework in which organisms directly detect possibilities for action in their environment. Affordances link design, architecture, robotics, game systems, and embodied cognition through a shared language of usability, movement, and situated intelligence. This topic makes perception practical: not just what is seen, but what can be done.",Cognitive science|phenomenology|HCI|architecture|robotics|game design|embodied intelligence|design theory,v5-cognitive-science-and-perception|v5-phenomenology-and-embodied-experience|v5-human-computer-interaction-and-interface-design||v5-robotics-and-embodied-intelligence|v5-game-design-ludology-and-interactive-systems|v5-robotics-and-embodied-intelligence|,"Cogsci, phenomenology, HCI, architecture, robotics",3,Mind & Perception,research-topics-v5.md,2026-03-29
v5-artificial-life-and-self-organization,v5,36,Artificial Life & Self-Organization,T1,Tier 1: Core Bridges (Start Here),T1,7,,"Where complex systems theory gets *built*: cellular automata, digital evolution, swarm intelligence, autopoiesis. Synthesizes Wolfram, genetic algorithms, and multi-agent dynamics.",Langton|Ray|Kauffman|Holland|Bedau|Varela,,,"The constructive science of lifelike behavior in artificial systems. Where complex systems theory analyzes emergence mathematically, ALife builds it: cellular automata, self-replicating programs, digital evolution (Tierra, Avida), swarm intelligence, and autopoiesis. Directly synthesizes Wolfram's rule-space explorations, genetic algorithms/programming, MiroFish multi-agent dynamics, and evolutionary biology into a single research programme asking what the necessary and sufficient conditions for ""life"" are.",Complex systems|genetic algorithms|evolution|multi-agent simulation|cybernetics|philosophy of mind|robotics|morphogenesis,v5-complex-systems-and-chaos-theory||||v5-cybernetics-and-control-theory|v5-philosophy-of-mind-and-consciousness|v5-robotics-and-embodied-intelligence|v5-morphogenesis-and-biological-pattern-formation,"Complex systems, GA, evolution, cybernetics, robotics",7,"Life, Form & Nature",research-topics-v5.md,2026-03-29
v5-collective-intelligence-and-coordination-systems,v5,38,Collective Intelligence & Coordination Systems,T1,Tier 1: Core Bridges (Start Here),T1,7,,"How groups, networks, and hybrid human-machine systems solve problems together. Ostrom, Malone. Extends network science and game theory into cooperative practice.",Ostrom|Malone|Surowiecki|Page|Woolley,,,"How groups, networks, institutions, and hybrid human-machine systems solve problems together. Covers coordination, division of cognitive labor, governance, emergence of shared knowledge, and failure modes in collective decision-making. Extends network science and game theory toward practical questions of cooperation, organizations, swarms, online systems, and multi-agent intelligence.",Network science|game theory|cybernetics|anthropology|organizational design|AI agents|distributed systems|decision theory,v5-network-science-and-graph-theory|v5-game-theory-and-mechanism-design|v5-cybernetics-and-control-theory|v5-anthropology-cultural-evolution-and-technology-studies||v5-machine-learning-and-statistical-learning-theory||v5-decision-theory-and-rationality,"Networks, game theory, cybernetics, AI agents, decision",7,"Life, Form & Nature",research-topics-v5.md,2026-03-29
v5-semiotics-structuralism-and-the-science-of-signs,v5,17,"Semiotics, Structuralism & The Science of Signs",T1,Tier 1: Core Bridges (Start Here),T1,4,,"The meta-framework for meaning across all media. Builds on linguistics but extends to film, music, architecture, code, and culture.",Saussure|Peirce|Eco|Barthes|Lotman,,,"How meaning is created through signs, codes, and cultural systems. Saussure's structural linguistics (signifier/signified), Peirce's triadic sign theory (icon, index, symbol), Eco's semiotics of culture, Barthes' mythology, and Lotman's semiosphere. A meta-framework for meaning-making across every medium in the vault: film (visual semiotics), music (musical meaning), architecture (spatial semiotics), code (formal symbol systems), and crypto (trust as semiotic infrastructure).


---",Linguistics|rhetoric|typography|filmmaking|music theory|NLP|philosophy of language|anthropology|writing systems/notation,v5-linguistics-and-natural-language-structure|v5-rhetoric-narrative-theory-and-story-systems|v5-typography-and-graphic-design-history|||v5-linguistics-and-natural-language-structure||v5-anthropology-cultural-evolution-and-technology-studies|v5-writing-systems-notation-and-symbolic-representation,"Linguistics, rhetoric, typography, film, music, NLP",4,"Language, Signs & Representation",research-topics-v5.md,2026-03-29
v5-philosophy-of-mathematics,v5,10,Philosophy of Mathematics,T2,"Tier 2: Philosophical, Symbolic & Cultural Foundations",T2,2,,Is math invented or discovered? What is proof? Pairs naturally with category theory and grounds the formal work in philosophical context.,Frege|Russell|Wittgenstein|Lakatos|Brouwer,,,"Investigates whether mathematics is invented or discovered, what proof is, and why formal systems matter. Connects Greek philosophy (Forms, logic), Gödel/Hilbert (computation theory), and category theory. Explores formalism, logicism, intuitionism, and the ontology of mathematical objects.",Category theory|logic|computation theory|epistemology|history of science,v5-category-theory-and-abstract-algebra|v5-logic-formal-semantics-and-model-theory||v5-epistemology-and-philosophy-of-knowledge|,"Category theory, logic, computation, epistemology",2,Structure & Connection,research-topics-v5.md,2026-03-29
v5-phenomenology-and-embodied-experience,v5,12,Phenomenology & Embodied Experience,T2,"Tier 2: Philosophical, Symbolic & Cultural Foundations",T2,3,,"Complements cognitive science from the philosophical side. Lived experience, being-in-the-world, embodied cognition.",Husserl|Heidegger|Merleau-Ponty,,,"The philosophy of direct lived experience. ""Being-in-the-world"" reframes architecture (dwelling), tools (software as equipment), and perception (film, music). Merleau-Ponty's embodied cognition connects to synth design (haptic feedback), HCI, and Alexander's body-centered design.",Cognitive science|Eastern philosophy|architecture|HCI|philosophy of mind|aesthetics,v5-cognitive-science-and-perception|v5-eastern-philosophy||v5-human-computer-interaction-and-interface-design|v5-philosophy-of-mind-and-consciousness|v5-aesthetics-and-philosophy-of-art,"Cogsci, Eastern phil, architecture, HCI, aesthetics",3,Mind & Perception,research-topics-v5.md,2026-03-29
v5-philosophy-of-mind-and-consciousness,v5,13,Philosophy of Mind & Consciousness,T2,"Tier 2: Philosophical, Symbolic & Cultural Foundations",T2,3,,"The hard problem, functionalism, integrated information theory. Best studied after both the scientific (cogsci) and philosophical (phenomenology) groundwork.",Descartes|Dennett|Chalmers|Tononi,,,"Bridges Greek philosophy (soul/mind), computation (Chinese Room, Church-Turing), AI, and the subjective experience of music/film/architecture. From dualism through functionalism to integrated information theory — the ""hard problem"" and its implications for artificial systems.",Cognitive science|AI|phenomenology|Eastern philosophy|robotics|neuroscience,v5-cognitive-science-and-perception|v5-machine-learning-and-statistical-learning-theory|v5-phenomenology-and-embodied-experience|v5-eastern-philosophy|v5-robotics-and-embodied-intelligence|v5-neuroscience-and-neural-computation,"Cogsci, AI, phenomenology, robotics, neuro",3,Mind & Perception,research-topics-v5.md,2026-03-29
v5-eastern-philosophy,v5,21,Eastern Philosophy,T2,"Tier 2: Philosophical, Symbolic & Cultural Foundations",T2,5,,"Buddhist logic, Daoist naturalism, Zen aesthetics. Radically different frameworks that recontextualize everything from consciousness to design. Best absorbed after the Western philosophical base from Phases 1–4.",Nagarjuna|Dignaga|Zhuangzi|Dōgen,,,"Buddhist logic (emptiness, dependent origination), Vedantic metaphysics, Daoist naturalism, and Zen aesthetics (wabi-sabi). Radically different frameworks for consciousness, aesthetics, and nature. Directly relevant to Alexander's later metaphysics of ""wholeness"" and living structure.",Phenomenology|cognitive science|biomimicry|systems thinking|design|aesthetics,v5-phenomenology-and-embodied-experience|v5-cognitive-science-and-perception|v5-biomimicry-and-nature-inspired-design|v5-systems-thinking-and-system-dynamics||v5-aesthetics-and-philosophy-of-art,"Phenomenology, cogsci, biomimicry, systems, aesthetics",5,"Culture, History & Worldview",research-topics-v5.md,2026-03-29
v5-epistemology-and-philosophy-of-knowledge,v5,4,Epistemology & Philosophy of Knowledge,T2,"Tier 2: Philosophical, Symbolic & Cultural Foundations",T2,1,,"Before going deeper into any science, step back and ask *how do we know what we know?* Bayesian updating, justification, the structure of evidence. Makes you a better reader of everything that follows.",Plato|Gettier|Quine|Bayesian epistemology,,,"How do we know what we know? From justified true belief to Bayesian updating. Underlies probability, information retrieval, NLP, science, and AI ""knowledge"" representation. The meta-question for every research topic.",Philosophy of science|decision theory|AI|information theory|logic,v5-history-and-philosophy-of-science|v5-decision-theory-and-rationality|v5-machine-learning-and-statistical-learning-theory|v5-information-theory|v5-logic-formal-semantics-and-model-theory,"Phil of science, decision theory, AI, info theory",1,The Meta-Frameworks,research-topics-v5.md,2026-03-29
v5-history-and-philosophy-of-science,v5,5,History & Philosophy of Science,T2,"Tier 2: Philosophical, Symbolic & Cultural Foundations",T2,1,,"Kuhn, Popper, Lakatos. How knowledge is validated, contested, and replaced. Calibrates expectations for every scientific topic ahead — you'll recognize paradigm shifts as they appear.",Kuhn|Popper|Lakatos|Feyerabend,,,"How knowledge gets validated, contested, and replaced. Paradigm shifts, falsifiability, research programmes, and the sociology of scientific knowledge. Adds critical perspective to evolution, economics, computation, and AI.",Epistemology|anthropology|complexity economics|all scientific domains,v5-epistemology-and-philosophy-of-knowledge|v5-anthropology-cultural-evolution-and-technology-studies|v6-complexity-economics-and-agent-based-modeling-in-economics|,"Epistemology, anthropology, all sciences",1,The Meta-Frameworks,research-topics-v5.md,2026-03-29
v5-anthropology-cultural-evolution-and-technology-studies,v5,22,"Anthropology, Cultural Evolution & Technology Studies",T2,"Tier 2: Philosophical, Symbolic & Cultural Foundations",T2,5,,"How societies, technologies, and ideas co-evolve. Actor-network theory, memetics. The human/social dimension of technical systems.",Mauss|Lévi-Strauss|White|Basalla|Latour|Dawkins (memetics),,,"How human societies, technologies, and ideas evolve. Shell money to bitcoin (cultural continuity), the sociology of knowledge, actor-network theory, and memetics. Provides the human/social dimension missing from technical systems.",Game theory|economics|history of computing|Eastern philosophy|semiotics|systems thinking|game design,v5-game-theory-and-mechanism-design||v5-history-of-computing-and-the-personal-computer-revolution|v5-eastern-philosophy|v5-semiotics-structuralism-and-the-science-of-signs|v5-systems-thinking-and-system-dynamics|v5-game-design-ludology-and-interactive-systems,"Game theory, economics, computing history, semiotics",5,"Culture, History & Worldview",research-topics-v5.md,2026-03-29
v5-aesthetics-and-philosophy-of-art,v5,23,Aesthetics & Philosophy of Art,T2,"Tier 2: Philosophical, Symbolic & Cultural Foundations",T2,5,,"Kant, Dewey, Goodman, Danto. What makes something art? Why do certain forms produce aesthetic response? The philosophical scaffolding for the design and creative phases ahead.",Kant|Hegel|Dewey|Goodman|Danto|Rancière,,,"Formal aesthetic theory beyond Greek origins. Kant's disinterested judgment, Dewey's ""Art as Experience"" (art as process, not object), Goodman's ""Languages of Art"" (notation, representation, expression), Danto's ""artworld"" and institutional theory. Provides the philosophical scaffolding for understanding why generative art, film, architecture, and music produce aesthetic response — and what distinguishes art from craft, beauty from decoration, expression from noise.",Phenomenology|cognitive science|architecture|filmmaking|generative music|semiotics|Eastern philosophy|game design,v5-phenomenology-and-embodied-experience|v5-cognitive-science-and-perception|||v5-generative-music-and-algorithmic-composition|v5-semiotics-structuralism-and-the-science-of-signs|v5-eastern-philosophy|v5-game-design-ludology-and-interactive-systems,"Phenomenology, cogsci, architecture, film, semiotics",5,"Culture, History & Worldview",research-topics-v5.md,2026-03-29
v5-media-theory-and-philosophy-of-technology,v5,24,Media Theory & Philosophy of Technology,T2,"Tier 2: Philosophical, Symbolic & Cultural Foundations",T2,5,,"McLuhan, Kittler, Stiegler. Media as environment-forming forces. A prerequisite for understanding HCI, computing history, and AI's cultural role.",McLuhan|Kittler|Stiegler|Postman|Mumford,,,"The study of how media technologies reshape perception, cognition, memory, culture, and social organization. Extends semiotics and technology studies by treating media not merely as channels but as environment-forming forces. Useful for understanding computing, interfaces, AI, writing systems, attention, and the historical transformation of knowledge by technical media.


---",Semiotics|anthropology|history of computing|HCI|rhetoric|writing systems|AI|aesthetics,v5-semiotics-structuralism-and-the-science-of-signs|v5-anthropology-cultural-evolution-and-technology-studies|v5-history-of-computing-and-the-personal-computer-revolution|v5-human-computer-interaction-and-interface-design|v5-rhetoric-narrative-theory-and-story-systems|v5-writing-systems-notation-and-symbolic-representation|v5-machine-learning-and-statistical-learning-theory|v5-aesthetics-and-philosophy-of-art,"Semiotics, anthropology, computing history, HCI, AI",5,"Culture, History & Worldview",research-topics-v5.md,2026-03-29
v5-linguistics-and-natural-language-structure,v5,16,Linguistics & Natural Language Structure,T2,"Tier 2: Philosophical, Symbolic & Cultural Foundations",T2,4,,"From phonemes to syntax to semantics. The structural machinery of language — a prerequisite for semiotics, NLP, and formal semantics.",Saussure|Chomsky|Pinker|Lakoff|Fillmore,,,"From phonemes to syntax to semantics. Generative grammar, cognitive linguistics (metaphor theory), construction grammar, and computational linguistics. Bridges the gap between formal language theory (computation) and actual human language (NLP, semiotics, philosophy of language).",NLP|logic|semiotics|cognitive science|information theory|anthropology|writing systems/notation,|v5-logic-formal-semantics-and-model-theory|v5-semiotics-structuralism-and-the-science-of-signs|v5-cognitive-science-and-perception|v5-information-theory|v5-anthropology-cultural-evolution-and-technology-studies|v5-writing-systems-notation-and-symbolic-representation,"NLP, logic, semiotics, cogsci, info theory",4,"Language, Signs & Representation",research-topics-v5.md,2026-03-29
v5-logic-formal-semantics-and-model-theory,v5,18,"Logic, Formal Semantics & Model Theory",T2,"Tier 2: Philosophical, Symbolic & Cultural Foundations",T2,4,,"The mathematics of meaning. Truth conditions, formal inference, modal logic. Connects Tier 2 philosophy to Tier 4 computation.",Tarski|Montague|Hintikka|modal logic,,,"Syntax, semantics, truth conditions, and formal inference. Ties together Greek logic, computation theory, lambda calculus, NLP, and knowledge representation. The mathematics of meaning.",Philosophy of mathematics|category theory|linguistics|AI|philosophy of language|machine learning,v5-philosophy-of-mathematics|v5-category-theory-and-abstract-algebra|v5-linguistics-and-natural-language-structure|v5-machine-learning-and-statistical-learning-theory||v5-machine-learning-and-statistical-learning-theory,"Phil of math, category theory, linguistics, AI",4,"Language, Signs & Representation",research-topics-v5.md,2026-03-29
v5-rhetoric-narrative-theory-and-story-systems,v5,20,"Rhetoric, Narrative Theory & Story Systems",T2,"Tier 2: Philosophical, Symbolic & Cultural Foundations",T2,4,,"Meaning through sequence, conflict, and resolution. From Aristotle's Poetics to interactive narrative and emergent story in games.",Aristotle|Campbell|Propp|Barthes|Marie-Laure Ryan,,,"The structure of narrative across media. From Poetics to monomyth to interactive fiction and emergent narrative in games. How meaning is constructed through sequence, conflict, and resolution — applicable to film, games, architecture (spatial narrative), and AI generation.",Filmmaking|semiotics|game design|architecture|AI|anthropology,|v5-semiotics-structuralism-and-the-science-of-signs|v5-game-design-ludology-and-interactive-systems||v5-machine-learning-and-statistical-learning-theory|v5-anthropology-cultural-evolution-and-technology-studies,"Film, semiotics, game design, architecture, AI",4,"Language, Signs & Representation",research-topics-v5.md,2026-03-29
v5-writing-systems-notation-and-symbolic-representation,v5,19,"Writing Systems, Notation & Symbolic Representation",T2,"Tier 2: Philosophical, Symbolic & Cultural Foundations",T2,4,,"How notation shapes thought. Musical staff, mathematical notation, programming languages, cuneiform. A thesis that format is never neutral.",Schmandt-Besserat|Iverson|Goodman|Cajori|Blackwell,,,"How notation shapes thought: Iverson's ""Notation as a Tool of Thought,"" Leibniz's calculus notation enabling new mathematics, staff notation constraining Western harmony, Laban notation encoding dance, and programming languages as notational systems. From cuneiform accounting tokens to LaTeX to visual programming. The thesis that representational format is not neutral — it determines what can be easily expressed, discovered, and communicated. Connects the vault's parallel notation systems (mathematical, musical, architectural, computational) into a unified inquiry.",Linguistics|semiotics|typography|music theory|computation theory|cognitive science|category theory,v5-linguistics-and-natural-language-structure|v5-semiotics-structuralism-and-the-science-of-signs|v5-typography-and-graphic-design-history|||v5-cognitive-science-and-perception|v5-category-theory-and-abstract-algebra,"Linguistics, semiotics, typography, music, computation",4,"Language, Signs & Representation",research-topics-v5.md,2026-03-29
v5-history-of-computing-and-the-personal-computer-revolution,v5,25,History of Computing & The Personal Computer Revolution,T2,"Tier 2: Philosophical, Symbolic & Cultural Foundations",T2,5,,"Babbage to Xerox PARC to the iPhone. Not just history — context for interfaces, programming languages, software architecture, and the cultural formation of digital thought.",Babbage|Lovelace|Turing|Engelbart|Kay|Noyce|Jobs|Wozniak,,,"A historical bridge from abstract computation to personal, networked, and interactive computing. Traces the arc from early mechanical calculation and wartime codebreaking to Bell Labs, Xerox PARC, the Homebrew Computer Club, GUI systems, and the emergence of personal and ubiquitous computing. Valuable not just as history, but as context for interfaces, software architecture, programming languages, media theory, and the cultural formation of digital thought.


---

---",HCI|media theory|programming languages|distributed systems|AI|anthropology|philosophy of technology|design,v5-human-computer-interaction-and-interface-design|v5-media-theory-and-philosophy-of-technology|||v5-machine-learning-and-statistical-learning-theory|v5-anthropology-cultural-evolution-and-technology-studies|v5-media-theory-and-philosophy-of-technology|,"HCI, media theory, PLT, distributed systems, AI",5,"Culture, History & Worldview",research-topics-v5.md,2026-03-29
v5-generative-music-and-algorithmic-composition,v5,47,Generative Music & Algorithmic Composition,T3,"Tier 3: Design, Representation & Interactive Form",T3,9,,"Stochastic music, Markov chains, procedural audio, AI music generation. The synthesis of everything: music theory + DSP + probability + algorithms + aesthetics.",Xenakis|Eno|Cope|Dean McClure,,,"Explicit synthesis of music theory, software synthesis, algorithmic art, probability, and genetic algorithms. Stochastic music, generative systems, Markov chains, procedural audio, and AI music generation. Where mathematics becomes melody and code becomes composition.",DSP|psychoacoustics|complex systems|AI|software architecture|game design,||v5-complex-systems-and-chaos-theory|v5-machine-learning-and-statistical-learning-theory||v5-game-design-ludology-and-interactive-systems,"DSP, psychoacoustics, complex systems, AI, games",9,"Signal, Sound & Simulation",research-topics-v5.md,2026-03-29
v5-typography-and-graphic-design-history,v5,28,Typography & Graphic Design History,T3,"Tier 3: Design, Representation & Interactive Form",T3,6,,"Where language, mathematics, and visual design meet. From Gutenberg to variable fonts. Study alongside or just after HCI.",Gutenberg|Bodoni|Tschichold|Bringhurst|Coles,,,"Where language, mathematics, and visual design meet. Shaping thought through written form, rhythm, hierarchy, and legibility. Bauhaus connections to architecture. From metal type through Swiss Style to variable fonts and algorithmic typography.",Architecture|semiotics|HCI|algorithmic art|cognitive science|writing systems/notation,|v5-semiotics-structuralism-and-the-science-of-signs|v5-human-computer-interaction-and-interface-design||v5-cognitive-science-and-perception|v5-writing-systems-notation-and-symbolic-representation,"Architecture, semiotics, HCI, algorithmic art, cogsci",6,Design & Making,research-topics-v5.md,2026-03-29
v5-photography-and-optics,v5,31,Photography & Optics,T3,"Tier 3: Design, Representation & Interactive Form",T3,6,,"From camera obscura to computational photography. Composition, optics, and the philosophy of the still image.",Alhazen|Kepler|Talbot|Fox Talbot|Cartier-Bresson,,,"From camera obscura to computational photography. Composition theory, the ""decisive moment,"" optics, light physics, and the philosophy of the frozen image. Deepens the visual side beyond filmmaking.",Filmmaking|DSP (image processing)|phenomenology|computer graphics,||v5-phenomenology-and-embodied-experience|v5-computer-graphics-and-computational-imaging,"Film, DSP, phenomenology, computer graphics",6,Design & Making,research-topics-v5.md,2026-03-29
v5-color-science-and-theory,v5,29,Color Science & Theory,T3,"Tier 3: Design, Representation & Interactive Form",T3,6,,"Physics of light, perceptual color spaces, compositional use. A building block for photography, graphics, data visualization, and design.",Newton|Goethe|Albers|Itten|Fairchild,,,"Physics of light, perceptual color spaces (CIE Lab), psychological response, and compositional use. Unifies filmmaking (grading), algorithmic art (generative palettes), architecture (material/light), and synesthesia.",Photography|cognitive science|physics|design|art history,v5-photography-and-optics|v5-cognitive-science-and-perception|||,"Photography, cogsci, physics, design, art history",6,Design & Making,research-topics-v5.md,2026-03-29
v5-cartography-and-data-visualization,v5,30,Cartography & Data Visualization,T3,"Tier 3: Design, Representation & Interactive Form",T3,6,,"Tufte, Bertin, Cairo. Information made visible. Draws on network science, cognitive science, and graphic design.",Minard|Bertin|Tufte|Cairo|Heer,,,"The intersection of information, design, and perception. Turning technical subjects into clear, expressive representations. Visual reasoning, geographical thinking, and the ethics of representation.",Network science|economics|information retrieval|cognitive science|graphic design,v5-network-science-and-graph-theory|||v5-cognitive-science-and-perception|,"Networks, economics, info retrieval, cogsci, design",6,Design & Making,research-topics-v5.md,2026-03-29
v5-human-computer-interaction-and-interface-design,v5,27,Human-Computer Interaction & Interface Design,T3,"Tier 3: Design, Representation & Interactive Form",T3,6,,"The most direct synthesis of cognitive science, phenomenology, and affordance theory into practice. Norman, Raskin, Bret Victor.",Norman|Raskin|Tognazzini|Bret Victor,,,"Turn theories of mind, form, and information into better tools. Affordances, direct manipulation, cognitive load, and navigation. Bridges retrieval systems, note systems, natural language querying, and architecture-like spatial wayfinding.",Cognitive science|phenomenology|typography|distributed systems|AI agents|game design,v5-cognitive-science-and-perception|v5-phenomenology-and-embodied-experience|v5-typography-and-graphic-design-history||v5-machine-learning-and-statistical-learning-theory|v5-game-design-ludology-and-interactive-systems,"Cogsci, phenomenology, typography, AI agents, games",6,Design & Making,research-topics-v5.md,2026-03-29
v5-game-design-ludology-and-interactive-systems,v5,33,"Game Design, Ludology & Interactive Systems",T3,"Tier 3: Design, Representation & Interactive Form",T3,6,,The great synthesis discipline: narrative + interaction + simulation + decision-making + procedural generation + AI. Best saved for late in this phase because it draws on nearly everything before it.,Crawford|Hunicke|Salen & Zimmerman|Bogost|Schell,,,"A synthesis discipline like filmmaking. Integrates narrative (rhetoric), interaction (HCI), simulation (physics engines), decision-making (game theory), procedural generation (algorithmic art), and AI (agent behavior). Covers the MDA framework (mechanics-dynamics-aesthetics), emergent gameplay, procedural content generation, and the ludology vs. narratology debate. From board games through digital play to serious games and gamification.",Rhetoric|HCI|simulation & physics engines|game theory|algorithmic art|AI|decision theory|cognitive science,v5-rhetoric-narrative-theory-and-story-systems|v5-human-computer-interaction-and-interface-design|v5-simulation-and-physics-engines|v5-game-theory-and-mechanism-design||v5-machine-learning-and-statistical-learning-theory|v5-decision-theory-and-rationality|v5-cognitive-science-and-perception,"Rhetoric, HCI, simulation, game theory, AI, cogsci",6,Design & Making,research-topics-v5.md,2026-03-29
v5-computer-graphics-and-computational-imaging,v5,32,Computer Graphics & Computational Imaging,T3,"Tier 3: Design, Representation & Interactive Form",T3,6,,"Rendering, shading, geometry processing, synthetic vision. The computational construction of visible worlds.",Catmull|Blinn|Szeliski|Levoy|Glassner,,,"The computational construction of visible worlds. Geometry, rendering, shading, image formation, camera models, computational photography, and synthetic perception. Bridges mathematics, optics, design, simulation, game engines, visual art, and machine vision. A natural synthesis topic for the vault's interests in space, representation, and digital media.",Geometry|photography|optics|simulation|game design|DSP|HCI|machine learning,v5-geometry-topology-and-spatial-computation|v5-photography-and-optics||v5-simulation-and-physics-engines|v5-game-design-ludology-and-interactive-systems||v5-human-computer-interaction-and-interface-design|v5-machine-learning-and-statistical-learning-theory,"Geometry, photography, simulation, game design, ML",6,Design & Making,research-topics-v5.md,2026-03-29
v5-pattern-languages-design-methods-and-morphological-analysis,v5,26,"Pattern Languages, Design Methods & Morphological Analysis",T3,"Tier 3: Design, Representation & Interactive Form",T3,6,,"Start with method itself — how to move from principles to form, from constraints to alternatives. Alexander's pattern languages as a meta-discipline for everything in this phase.",Christopher Alexander|Zwicky|Jones|Pahl & Beitz|Dubberly,,,"Reusable form-generating methods across design domains. Pattern languages, design grammars, combinatorial exploration, structured ideation, and problem decomposition. This topic turns the vault's connective instinct into explicit method: how one moves from principles to form, from constraints to alternatives, and from local decisions to coherent wholes.",Architecture|systems design|HCI|game design|software architecture|biomimicry|notation systems|organizational design,||v5-human-computer-interaction-and-interface-design|v5-game-design-ludology-and-interactive-systems||v5-biomimicry-and-nature-inspired-design||,"Architecture, systems, HCI, game design, software arch",6,Design & Making,research-topics-v5.md,2026-03-29
v5-geometry-topology-and-spatial-computation,v5,51,"Geometry, Topology & Spatial Computation",T3,"Tier 3: Design, Representation & Interactive Form",T3,10,,"Shape, continuity, transformation, and spatial reasoning. Differential geometry, computational topology. The mathematical language of form.",Euclid|Gauss|Riemann|Poincaré|Perlin,,,"Shape, continuity, surface, symmetry, transformation, and spatial reasoning. Fills gaps between Fuller, architecture, generative art, graphics, and physics simulation. Differential geometry for understanding form.",Category theory|complex systems|computer graphics|physics|architecture|mathematical physics|morphogenesis,v5-category-theory-and-abstract-algebra|v5-complex-systems-and-chaos-theory|v5-computer-graphics-and-computational-imaging|||v5-mathematical-physics-and-symmetry|v5-morphogenesis-and-biological-pattern-formation,"Category theory, graphics, physics, architecture",10,Frontiers & Deep Structure,research-topics-v5.md,2026-03-29
v5-biomimicry-and-nature-inspired-design,v5,34,Biomimicry & Nature-Inspired Design,T3,"Tier 3: Design, Representation & Interactive Form",T3,7,,"The accessible entry: nature as design mentor. Gaudí, Fuller, termite mounds, L-systems.",Benyus|Vincent|Thompson (On Growth and Form),,,"Nature's 3.8 billion years of R&D. From Gaudí's forms to Fuller's geodesics, genetic algorithms to termite mound ventilation. Connects evolution, structural engineering, generative art (L-systems), and sustainability.",Complex systems|evolution|architecture|robotics|materials science|morphogenesis,v5-complex-systems-and-chaos-theory|||v5-robotics-and-embodied-intelligence|v5-materials-science-metamaterials-and-programmable-matter|v5-morphogenesis-and-biological-pattern-formation,"Complex systems, evolution, architecture, materials",7,"Life, Form & Nature",research-topics-v5.md,2026-03-29
v5-morphogenesis-and-biological-pattern-formation,v5,35,Morphogenesis & Biological Pattern Formation,T3,"Tier 3: Design, Representation & Interactive Form",T3,7,,"How form emerges from process. Turing's reaction-diffusion, phyllotaxis, morphogen gradients. Deepens biomimicry with developmental biology.",D'Arcy Thompson|Turing|Meinhardt|Prusinkiewicz|Kondo,,,"How form emerges from process at the biological level — the most literal expression of the vault's central theme. Turing's reaction-diffusion patterns, L-systems (Lindenmayer grammars for plant growth), phyllotaxis (Fibonacci spirals in nature), gastrulation, and morphogen gradients. Connects developmental biology to generative art (reaction-diffusion algorithms are a creative coding staple), architecture (growth-based parametric design), evolution (evo-devo), and mathematics (dynamical systems on manifolds).",Evolution|biomimicry|generative art|complex systems|geometry/topology|artificial life|architecture|mathematical physics,|v5-biomimicry-and-nature-inspired-design||v5-complex-systems-and-chaos-theory|v5-geometry-topology-and-spatial-computation|v5-artificial-life-and-self-organization||v5-mathematical-physics-and-symmetry,"Evolution, biomimicry, generative art, ALife, geometry",7,"Life, Form & Nature",research-topics-v5.md,2026-03-29
v5-simulation-and-physics-engines,v5,48,Simulation & Physics Engines,T3,"Tier 3: Design, Representation & Interactive Form",T3,9,,"Rigid body dynamics, fluid simulation, agent-based models. The computational laboratory for testing ideas from every earlier phase. The entire Tier 3 is now complete.",Jos Stam|Müller|Fedkiw|Terzopoulos,,,"From rigid body dynamics to fluid simulation to agent-based models. Practical synthesis linking algorithmic art, architecture, evolution, and digital world-building.",Graphics|complex systems|robotics|game design|numerical methods|artificial life,|v5-complex-systems-and-chaos-theory|v5-robotics-and-embodied-intelligence|v5-game-design-ludology-and-interactive-systems||v5-artificial-life-and-self-organization,"Graphics, complex systems, robotics, games, ALife",9,"Signal, Sound & Simulation",research-topics-v5.md,2026-03-29
v5-musical-acoustics-and-psychoacoustics,v5,46,Musical Acoustics & Psychoacoustics,T3,"Tier 3: Design, Representation & Interactive Form",T3,9,,"Physics of sound, auditory perception, room acoustics. Bridges DSP (technical) to music theory (aesthetic).",Helmholtz|Fletcher|Moore|Roads|Cook,,,"Physics of sound production, auditory perception (pitch, timbre, spatial hearing), room acoustics, and the perception of musical structure. Bridges the gap between DSP (technical) and music theory (aesthetic).


---",DSP|generative music|cognitive science|phenomenology|architecture (acoustic space),|v5-generative-music-and-algorithmic-composition|v5-cognitive-science-and-perception|v5-phenomenology-and-embodied-experience|,"DSP, generative music, cogsci, architecture",9,"Signal, Sound & Simulation",research-topics-v5.md,2026-03-29
v5-decision-theory-and-rationality,v5,39,Decision Theory & Rationality,T4,Tier 4: Scientific & Technical Deep-Dives,T4,8,,"How action follows from belief under uncertainty. Expected utility, prospect theory, logical induction. The entry point for formal reasoning about choice.",von Neumann|Morgenstern|Savage|Kahneman|Tversky,,,"How action should follow from belief under uncertainty. Bridges probability, behavioral economics, game theory, AI agents, and forecasting. From expected utility to prospect theory to logical induction.",Game theory|epistemology|AI|economics|operations research|machine learning|game design,v5-game-theory-and-mechanism-design|v5-epistemology-and-philosophy-of-knowledge|v5-machine-learning-and-statistical-learning-theory||v5-operations-research-and-optimization|v5-machine-learning-and-statistical-learning-theory|v5-game-design-ludology-and-interactive-systems,"Game theory, epistemology, AI, economics, ML",8,Quantitative Reasoning & Decision,research-topics-v5.md,2026-03-29
v5-game-theory-and-mechanism-design,v5,40,Game Theory & Mechanism Design,T4,Tier 4: Scientific & Technical Deep-Dives,T4,8,,"Mathematics of strategic interaction. Nash equilibria, auction theory, incentive design. Builds directly on decision theory.",Nash|Shapley|Myerson|Maskin|Roughgarden,,,"Mathematics of strategic interaction. Nash equilibria, auction theory, cooperative games, evolutionary stable strategies, and incentive-compatible mechanism design. Essential for crypto, economics, multi-agent systems, and governance.",Economics|evolution|distributed systems|decision theory|anthropology|game design,|||v5-decision-theory-and-rationality|v5-anthropology-cultural-evolution-and-technology-studies|v5-game-design-ludology-and-interactive-systems,"Economics, evolution, distributed systems, decision theory",8,Quantitative Reasoning & Decision,research-topics-v5.md,2026-03-29
v5-measurement-theory-metrology-and-representation,v5,44,"Measurement Theory, Metrology & Representation",T4,Tier 4: Scientific & Technical Deep-Dives,T4,8,,"What does it mean to measure something well? Scales, invariance, validity. A philosophical capstone to the quantitative phase.",Stevens|Campbell|Rasch|Kelvin|Bridgman,,,"The science and philosophy of what it means to measure something well. Scales, units, invariance, operational definitions, validity, precision, and representational adequacy. A foundational topic connecting science, design, information, notation, and modeling. It asks where representation becomes distortion, and how quantification enables discovery while also hiding assumptions.


---",Philosophy of science|information theory|statistics|notation systems|cartography|design|epistemology|machine learning,v5-history-and-philosophy-of-science|v5-information-theory|v7-statistics-classical-and-modern||v5-cartography-and-data-visualization||v5-epistemology-and-philosophy-of-knowledge|v5-machine-learning-and-statistical-learning-theory,"Phil of science, info theory, statistics, epistemology",8,Quantitative Reasoning & Decision,research-topics-v5.md,2026-03-29
v5-operations-research-and-optimization,v5,43,Operations Research & Optimization,T4,Tier 4: Scientific & Technical Deep-Dives,T4,8,,"Linear programming, scheduling, queuing, resource allocation. The mathematical toolkit for planning and logistics.",Dantzig|Kantorovich|Bellman|convex optimization,,,"Linear programming, scheduling, queuing, resource allocation, and optimization under constraints. The mathematical toolkit for logistics, distributed systems, and planning.",Game theory|economics|computer science|control theory|AI|machine learning,v5-game-theory-and-mechanism-design|||v5-cybernetics-and-control-theory|v5-machine-learning-and-statistical-learning-theory|v5-machine-learning-and-statistical-learning-theory,"Game theory, economics, CS, control theory, AI",8,Quantitative Reasoning & Decision,research-topics-v5.md,2026-03-29
v5-digital-signal-processing-dsp,v5,45,Digital Signal Processing (DSP),T4,Tier 4: Scientific & Technical Deep-Dives,T4,9,,"Sampling, filtering, Fourier transforms, spectral analysis. The technical core beneath software synthesis, music, film, and photography.",Nyquist|Shannon|Oppenheim|Smith,,,"Sampling, filtering, Fourier/Laplace transforms, convolution, spectral analysis. The technical core beneath software synthesis, music, filmmaking, photography, and algorithmic media.",Information theory|psychoacoustics|image processing|control theory|electronics,v5-information-theory|||v5-cybernetics-and-control-theory|,"Info theory, psychoacoustics, image processing, control",9,"Signal, Sound & Simulation",research-topics-v5.md,2026-03-29
v5-compiler-design-and-programming-language-theory,v5,53,Compiler Design & Programming Language Theory,T4,Tier 4: Scientific & Technical Deep-Dives,T4,10,,"Parsing, type systems, semantics, optimization. Bridges abstraction and execution. Natural extension from lambda calculus and category theory.",Aho|Ullman|Appel|Pierce|Harper,,,"Parsing, type systems, semantics, optimization, and language design philosophy. Natural extension from lambda calculus and automata. Bridges abstraction and execution.",Category theory|logic|computation theory|software engineering,v5-category-theory-and-abstract-algebra|v5-logic-formal-semantics-and-model-theory||,"Category theory, logic, computation, software eng",10,Frontiers & Deep Structure,research-topics-v5.md,2026-03-29
v5-quantum-computing-and-quantum-information,v5,52,Quantum Computing & Quantum Information,T4,Tier 4: Scientific & Technical Deep-Dives,T4,10,,"Qubits, superposition, entanglement, error correction, post-quantum crypto. Extends computation theory to the non-classical frontier.",Feynman|Deutsch|Shor|Preskill,,,"Qubits, superposition, entanglement, quantum error correction, and post-quantum cryptography. Extends computation theory to the non-classical frontier.",Information theory|computation theory|cryptography|physics|complexity theory|mathematical physics,v5-information-theory|||||v5-mathematical-physics-and-symmetry,"Info theory, computation, crypto, physics, math physics",10,Frontiers & Deep Structure,research-topics-v5.md,2026-03-29
v5-robotics-and-embodied-intelligence,v5,55,Robotics & Embodied Intelligence,T4,Tier 4: Scientific & Technical Deep-Dives,T4,10,,"Physical presence changes everything about intelligence. Control theory + perception + planning + evolution + morphology + philosophy of mind, in hardware.",Brooks|Moravec|Braitenberg|Pfeifer|Bongard,,,"Physical presence changes everything about intelligence. Connects control theory, perception, planning, evolution (evolutionary robotics), morphology, and philosophy of mind.",Cybernetics|AI|embodied cognition|complex systems|materials science,v5-cybernetics-and-control-theory|v5-machine-learning-and-statistical-learning-theory||v5-complex-systems-and-chaos-theory|v5-materials-science-metamaterials-and-programmable-matter,"Cybernetics, AI, embodied cognition, complex systems",10,Frontiers & Deep Structure,research-topics-v5.md,2026-03-29
v5-thermodynamics-statistical-mechanics-and-arrow-of-time,v5,49,"Thermodynamics, Statistical Mechanics & Arrow of Time",T4,Tier 4: Scientific & Technical Deep-Dives,T4,10,,"Entropy as physics, information, and computation. Dissipative structures. Why time has a direction and how life maintains itself against entropy.",Boltzmann|Gibbs|Prigogine|Zurek,,,"Entropy as a physical, informational, and computational concept. Dissipative structures, non-equilibrium thermodynamics, and the statistical foundations of complexity. Explains why time has a direction and how life maintains itself against entropy.",Information theory|complex systems|physics|economics (energy flows)|life sciences|morphogenesis|mathematical physics,v5-information-theory|v5-complex-systems-and-chaos-theory||||v5-morphogenesis-and-biological-pattern-formation|v5-mathematical-physics-and-symmetry,"Info theory, complex systems, physics, morphogenesis",10,Frontiers & Deep Structure,research-topics-v5.md,2026-03-29
v5-machine-learning-and-statistical-learning-theory,v5,42,Machine Learning & Statistical Learning Theory,T4,Tier 4: Scientific & Technical Deep-Dives,T4,8,,"The core ML paradigm. Supervised/unsupervised learning, generalization, deep learning. Best absorbed after information theory, probability, and optimization intuitions.",Vapnik|Hastie|Tibshirani|Bengio|Pearl,,,"The core ML paradigm missing from the vault despite extensive coverage of adjacent domains. Supervised and unsupervised learning, generalization theory, bias-variance tradeoff, regularization, deep learning architectures, kernel methods, and causal inference. The vault has probability (mathematical foundation), GA-GP (evolutionary optimization), NLP (application domain), and information retrieval (search/ranking) — but no unified treatment of how machines learn from data.",Probability|information theory|optimization|neuroscience|cognitive science|decision theory|DSP|artificial life,|v5-information-theory||v5-neuroscience-and-neural-computation|v5-cognitive-science-and-perception|v5-decision-theory-and-rationality||v5-artificial-life-and-self-organization,"Probability, info theory, optimization, neuro, cogsci",8,Quantitative Reasoning & Decision,research-topics-v5.md,2026-03-29
v5-mathematical-physics-and-symmetry,v5,50,Mathematical Physics & Symmetry,T4,Tier 4: Scientific & Technical Deep-Dives,T4,10,,"Noether's theorem, group theory in physics, gauge invariance. Symmetry as the organizing principle of physical law. Draws on category theory, geometry, and music theory.",Noether|Weyl|Wigner|Baez|Penrose,,,"Symmetry as the organizing principle of physical law. Noether's theorem (every continuous symmetry yields a conservation law), group theory in physics (Lie groups, gauge invariance), and the deep role of symmetry across domains: music (transformational theory, Lewin), architecture (spatial symmetry groups), generative art (symmetry-breaking as aesthetic device), and category theory (functorial physics). From crystallography to gauge field theory — the mathematics of invariance and transformation.",Relativity|quantum computing|geometry/topology|category theory|music theory|architecture|generative art|thermodynamics,|v5-quantum-computing-and-quantum-information|v5-geometry-topology-and-spatial-computation|v5-category-theory-and-abstract-algebra||||v5-thermodynamics-statistical-mechanics-and-arrow-of-time,"Quantum, geometry, category theory, music, architecture",10,Frontiers & Deep Structure,research-topics-v5.md,2026-03-29
v5-neuroscience-and-neural-computation,v5,54,Neuroscience & Neural Computation,T4,Tier 4: Scientific & Technical Deep-Dives,T4,10,,"The biological hardware beneath cognition. Neural coding, Hebbian learning, connectomics. Where cognitive science asks *what* the mind computes, neuroscience asks *how*.",Hodgkin|Huxley|Hebb|Kandel|Dayan|Abbott,,,"The biological hardware beneath cognition. Neural coding, spiking networks, Hebbian learning (""neurons that fire together wire together""), synaptic plasticity, connectomics, and computational neuroscience models. Where cognitive science asks what the mind computes, neuroscience asks how biological circuits implement it. Bridges to AI (neural network architectures as brain-inspired abstractions), evolution (nervous system evolution), psychoacoustics (auditory cortex processing), and philosophy of mind (neural correlates of consciousness).",Cognitive science|AI|evolution|DSP|philosophy of mind|psychoacoustics|complex systems|machine learning,v5-cognitive-science-and-perception|v5-machine-learning-and-statistical-learning-theory|||v5-philosophy-of-mind-and-consciousness||v5-complex-systems-and-chaos-theory|v5-machine-learning-and-statistical-learning-theory,"Cogsci, AI, evolution, DSP, phil of mind, ML",10,Frontiers & Deep Structure,research-topics-v5.md,2026-03-29
v5-materials-science-metamaterials-and-programmable-matter,v5,56,"Materials Science, Metamaterials & Programmable Matter",T4,Tier 4: Scientific & Technical Deep-Dives,T4,10,,"The physical substrate connecting architecture, Fuller, and biomimicry. From tensegrity to DNA origami — how matter becomes medium. The entire Tier 4 is now complete.",Ashby|Lakes|Smith|Tibbits|Oxman,,,"The physical substrate connecting architecture, Fuller, and biomimicry. Material properties (strength, elasticity, conductivity), metamaterials (engineered structures with properties not found in nature — negative refractive index, acoustic cloaking), and programmable matter (self-assembling structures, 4D printing). Neri Oxman's ""material ecology"" synthesizes computational design, biology, and fabrication. From Fuller's tensegrity to self-healing concrete to DNA origami — how matter becomes medium.",Architecture|biomimicry|Fuller|physics|nanotechnology|robotics|geometry/topology,|v5-biomimicry-and-nature-inspired-design||||v5-robotics-and-embodied-intelligence|v5-geometry-topology-and-spatial-computation,"Architecture, biomimicry, Fuller, physics, robotics",10,Frontiers & Deep Structure,research-topics-v5.md,2026-03-29
v5-evolutionary-developmental-biology-evo-devo,v5,37,Evolutionary Developmental Biology (Evo-Devo),T4,Tier 4: Scientific & Technical Deep-Dives,T4,7,,How developmental programs generate evolutionary novelty. The synthesis of evolution and form — best studied after morphogenesis and ALife.,Sean Carroll|Kirschner|Gerhart|Raff|Wagner,,,"The synthesis of evolution and development: how changes in developmental programs generate evolutionary novelty and recurring form. Moves beyond evolution as selection alone and shows how genes, developmental constraints, modularity, and morphology interact. A natural deepening of morphogenesis, biomimicry, artificial life, and evolutionary thinking.


---",Evolution|morphogenesis|biomimicry|artificial life|developmental biology|complex systems|architecture|materials science,|v5-morphogenesis-and-biological-pattern-formation|v5-biomimicry-and-nature-inspired-design|v5-artificial-life-and-self-organization||v5-complex-systems-and-chaos-theory||v5-materials-science-metamaterials-and-programmable-matter,"Evolution, morphogenesis, biomimicry, ALife, complex sys",7,"Life, Form & Nature",research-topics-v5.md,2026-03-29
v6-fractal-geometry-and-self-similarity,v6,A1,Fractal Geometry & Self-Similarity,A,Tier A — High-Leverage Bridges,A,,2 or 7,,Mandelbrot|Hausdorff|Barnsley|Falconer|Peitgen,,,"Self-similar structure across scales — the mathematical skeleton beneath coastlines, lungs, turbulence, market fluctuations, and generative art. Iterated function systems, fractal dimension (Hausdorff, box-counting), L-systems as recursive generators, multifractals, and the diffusion-limited-aggregation algorithms that show up in both biology and creative code. Oddly absent from v5 despite Wolfram's rule-space, chaos theory, morphogenesis, and algorithmic art all implicitly depending on it. A natural bridge because fractality is the *form* that nonlinear dynamics takes and the *aesthetic* that generative art inherits.",Complex Systems & Chaos Theory|Geometry & Topology|Morphogenesis|Algorithmic Art & Creative Coding|Stephen Wolfram|Biomimicry|Dynamical Systems,v5-complex-systems-and-chaos-theory||v5-morphogenesis-and-biological-pattern-formation|||v5-biomimicry-and-nature-inspired-design|v5-dynamical-systems-and-bifurcation-theory,"Complex Systems, Geometry, Morphogenesis, Algorithmic Art",2,Structure & Connection,research-topics-v6.md,2026-04-16
v6-enactivism-and-enactive-cognition,v6,A2,Enactivism & Enactive Cognition,A,Tier A — High-Leverage Bridges,A,,3,,Varela|Maturana|Thompson|Rosch|Di Paolo|Gallagher,,,"The ""fourth E"" of 4E cognition (embodied, embedded, extended, enacted) — the view that cognition is a *self-constituting activity* of the living system, not a representational layer laid over matter. Autopoiesis, sense-making, participatory sense-making, and the radical claim that the mind has no pre-given world to represent because the world is co-enacted. Sits between the phenomenology v5 plans and the ecological/affordance line, and is the conceptual bridge that ties Varela's work in Artificial Life to his work in cognition.",Cognitive Science|Philosophy of Mind|Artificial Life|Ecological Psychology|Distributed Cognition|Eastern Philosophy|Robotics & Embodied Intelligence,v5-cognitive-science-and-perception|v5-philosophy-of-mind-and-consciousness|v5-artificial-life-and-self-organization|v5-ecological-psychology-and-affordance-theory|v5-distributed-cognition-and-the-extended-mind|v5-eastern-philosophy|v5-robotics-and-embodied-intelligence,"Cogsci, Phil of Mind, ALife, Ecological Psych",3,Mind & Perception,research-topics-v6.md,2026-04-16
v6-process-philosophy,v6,A3,Process Philosophy,A,Tier A — High-Leverage Bridges,A,,5,,Whitehead|Bergson|Deleuze|Simondon|Rescher,,,"Reality as event, flow, and becoming rather than substance. The metaphysical counterpart to dynamical systems and morphogenesis: Simondon's *individuation* explains how form precipitates out of metastable fields; Whitehead's ""actual occasions"" furnish a vocabulary for a world modeled by differential equations rather than fixed categories; Bergson's *durée* reframes time as continuous creation rather than discrete sequence. Provides interpretive scaffolding for everything the vault already treats as dynamic, emergent, or self-organizing.",Dynamical Systems|Morphogenesis|Eastern Philosophy|Phenomenology|Complex Systems|Philosophy of Mind|Cybernetics,v5-dynamical-systems-and-bifurcation-theory|v5-morphogenesis-and-biological-pattern-formation|v5-eastern-philosophy|v5-phenomenology-and-embodied-experience|v5-complex-systems-and-chaos-theory|v5-philosophy-of-mind-and-consciousness|v5-cybernetics-and-control-theory,"Dynamical Systems, Morphogenesis, Eastern Phil",5,"Culture, History & Worldview",research-topics-v6.md,2026-04-16
v6-metaphor-theory-and-conceptual-blending,v6,A4,Metaphor Theory & Conceptual Blending,A,Tier A — High-Leverage Bridges,A,,4,,Lakoff|Johnson|Fauconnier|Turner|Gentner,,,"How abstract thought is scaffolded by cross-domain mappings — ""argument is war,"" ""time is money,"" ""theories are buildings."" Conceptual blending (Fauconnier & Turner) is a unified model for analogy, humor, design thinking, and scientific insight. This is both a pragmatic bridge between linguistics, cognitive science, design, and pedagogy, and a *self-referential* topic: it explains why the vault's own project of cross-domain synthesis works cognitively.",Linguistics|Cognitive Science|Semiotics|Pattern Languages|Rhetoric & Narrative|Writing Systems & Notation|Machine Learning (analogy-based reasoning),v5-linguistics-and-natural-language-structure|v5-cognitive-science-and-perception|v5-semiotics-structuralism-and-the-science-of-signs|v5-pattern-languages-design-methods-and-morphological-analysis|||,"Linguistics, Cogsci, Semiotics, Pattern Languages",4,"Language, Signs & Representation",research-topics-v6.md,2026-04-16
v6-memory-mnemonic-systems-and-externalized-knowledge,v6,A5,"Memory, Mnemonic Systems & Externalized Knowledge",A,Tier A — High-Leverage Bridges,A,,4 or 5,,Frances Yates|Mary Carruthers|Vannevar Bush|Engelbart|Luria|Ebbinghaus,,,"The method of loci, memory palaces, medieval mnemonic arts, and the modern continuation of that project in Bush's Memex, Engelbart's NLS, Nelson's Xanadu, and today's personal knowledge bases. Uniquely relevant because it directly concerns *the vault's own practice* — why structured external memory amplifies cognition. A tight companion to the planned Writing Systems topic and to Distributed Cognition.",Distributed Cognition|Writing Systems & Notation|Cognitive Science|History of Computing|Information Retrieval|Information Architecture|HCI,v5-distributed-cognition-and-the-extended-mind||v5-cognitive-science-and-perception|v5-history-of-computing-and-the-personal-computer-revolution||v6-information-architecture|v5-human-computer-interaction-and-interface-design,"Distributed Cog, Writing Systems, History of Computing",4,"Language, Signs & Representation",research-topics-v6.md,2026-04-16
v6-ecology-and-ecosystem-dynamics,v6,A6,Ecology & Ecosystem Dynamics,A,Tier A — High-Leverage Bridges,A,,7,,E. Odum|H.T. Odum|MacArthur|Levins|Holling|Ostrom,,,"Trophic cascades, energy flows, carrying capacity, resilience, regime shifts, and panarchy — the ""systems thinking of living systems."" Holling's adaptive cycle is a direct complement to cybernetic feedback and systems dynamics; the Odums' energy-flow accounting is the most concrete expression of thermodynamics applied to biology; Ostrom's commons work provides the institutional bridge to collective intelligence. Essentially the missing ecological layer between Evolution and Systems Thinking.",Systems Thinking|Cybernetics|Evolution|Collective Intelligence|Economics|Complex Systems|Thermodynamics|Biomimicry,v5-systems-thinking-and-system-dynamics|v5-cybernetics-and-control-theory||v5-collective-intelligence-and-coordination-systems||v5-complex-systems-and-chaos-theory|v5-thermodynamics-statistical-mechanics-and-arrow-of-time|v5-biomimicry-and-nature-inspired-design,"Systems, Cybernetics, Evolution, Collective Intelligence",7,"Life, Form & Nature",research-topics-v6.md,2026-04-16
v6-type-theory-and-homotopy-type-theory,v6,A7,Type Theory & Homotopy Type Theory,A,Tier A — High-Leverage Bridges,A,,10,,Martin-Löf|Howard|Voevodsky|Awodey|Coquand,,,"Propositions-as-types, dependent types, identity types, and the Univalent Foundations programme. The deepest working synthesis of logic, mathematics, and computation — the place where category theory, formal proofs, and programming languages converge into a single subject. A natural successor to Category Theory in the vault and a prerequisite for engagement with proof assistants (Lean, Coq, Agda). Pairs naturally with the v5 topics on Compiler Design and Logic.",Category Theory|Theory of Computation|Logic & Formal Semantics|Philosophy of Mathematics|Compiler Design|Software Architecture,v5-category-theory-and-abstract-algebra|||v5-philosophy-of-mathematics|v5-compiler-design-and-programming-language-theory|,"Category Theory, Logic, Computation, Compilers",10,Frontiers & Deep Structure,research-topics-v6.md,2026-04-16
v6-knowledge-graphs-ontologies-and-the-semantic-web,v6,A8,"Knowledge Graphs, Ontologies & The Semantic Web",A,Tier A — High-Leverage Bridges,A,,6 or 8,,Berners-Lee|Gruber|Guha|Hendler|Horrocks,,,"RDF, OWL, SPARQL, description logics, and the practical engineering of machine-readable meaning. Directly relevant to the vault's existence as a linked note-base and to the planned NL Querying track. A concrete pairing for the more philosophical Semiotics and Logic tracks, and the backbone of modern retrieval-augmented AI.


---",Information Retrieval|NL Querying|Semiotics|Logic & Formal Semantics|AI|NLP|Writing Systems,||v5-semiotics-structuralism-and-the-science-of-signs||v5-machine-learning-and-statistical-learning-theory|v5-linguistics-and-natural-language-structure|v5-writing-systems-notation-and-symbolic-representation,"IR, NL Querying, Semiotics, Logic, AI",10,Frontiers & Deep Structure,research-topics-v6.md,2026-04-16
v6-pragmatism,v6,B1,Pragmatism,B,Tier B — Strong Specialist Additions,B,,5,,Peirce|James|Dewey|Rorty|Brandom,,,"American pragmatism as a coherent tradition, not just as background for individual figures. Peirce already appears in Semiotics and Dewey in Aesthetics, but the tradition itself — meaning as consequence, truth as what works, inquiry as a social practice — deserves its own treatment. A natural companion to Epistemology and Philosophy of Science, and a bridge to Rorty's late-20th-century revival of pragmatism.",Semiotics|Aesthetics|Epistemology|Philosophy of Science|Philosophy of Mind|Rhetoric,v5-semiotics-structuralism-and-the-science-of-signs|v5-aesthetics-and-philosophy-of-art|v5-epistemology-and-philosophy-of-knowledge|v5-history-and-philosophy-of-science|v5-philosophy-of-mind-and-consciousness|v5-rhetoric-narrative-theory-and-story-systems,"Semiotics, Aesthetics, Epistemology",5,"Culture, History & Worldview",research-topics-v6.md,2026-04-16
v6-stochastic-processes-and-random-walks,v6,B2,Stochastic Processes & Random Walks,B,Tier B — Strong Specialist Additions,B,,8 or 9,,Kolmogorov|Feller|Doob|Itō|Lévy,,,"Markov chains, Brownian motion, martingales, Poisson processes, stochastic differential equations. The formal layer beneath probability that's silently assumed by DSP, generative music, finance, ML, and agent-based modeling. v5 has Probability but not the *process* side, which is the more practically useful half in any system that evolves in time.",Probability|DSP|Generative Music|Machine Learning|Dynamical Systems|Economics,||v5-generative-music-and-algorithmic-composition|v5-machine-learning-and-statistical-learning-theory|v5-dynamical-systems-and-bifurcation-theory|,"Probability, DSP, ML, Dynamical Systems",9,"Signal, Sound & Simulation",research-topics-v6.md,2026-04-16
v6-reinforcement-learning,v6,B3,Reinforcement Learning,B,Tier B — Strong Specialist Additions,B,,8,,Sutton|Barto|Bellman|Silver|Mnih,,,"Policies, value functions, temporal-difference learning, policy gradients, actor-critic methods, and the decision-theoretic view of AI. The unique topic that bridges decision theory (how action follows from belief), optimal control (Bellman's equations), neuroscience (dopamine and reward prediction error), and modern AI agents (AlphaGo, RLHF). Deserves its own topic separate from the generic ML roadmap item.",Decision Theory|Machine Learning|Cybernetics|Neuroscience|Robotics|Game Theory|AI Agents,v5-decision-theory-and-rationality|v5-machine-learning-and-statistical-learning-theory|v5-cybernetics-and-control-theory|v5-neuroscience-and-neural-computation|v5-robotics-and-embodied-intelligence|v5-game-theory-and-mechanism-design|v5-machine-learning-and-statistical-learning-theory,"Decision Theory, ML, Cybernetics, Neuroscience",8,Quantitative Reasoning & Decision,research-topics-v6.md,2026-04-16
v6-probabilistic-programming-and-graphical-models,v6,B4,Probabilistic Programming & Graphical Models,B,Tier B — Strong Specialist Additions,B,,8,,Pearl|Koller|Goodman|Gelman|Tenenbaum,,,"Bayesian networks, factor graphs, Markov random fields, and languages like Stan, Pyro, Gen, Church. The working-engineer's synthesis of probability, causal inference, and ML — a natural bridge that makes the abstract probability + causal-inference + ML triangle in v5 actually executable.",Probability|Causal Inference|Machine Learning|Logic|AI|Cognitive Science (rational analysis),|v5-causal-inference-and-causal-models|v5-machine-learning-and-statistical-learning-theory|v5-logic-formal-semantics-and-model-theory|v5-machine-learning-and-statistical-learning-theory|,"Probability, Causal Inf, ML, AI",8,Quantitative Reasoning & Decision,research-topics-v6.md,2026-04-16
v6-urban-planning-and-urbanism,v6,B5,Urban Planning & Urbanism,B,Tier B — Strong Specialist Additions,B,,6,,Jane Jacobs|Kevin Lynch|Jan Gehl|William H. Whyte|Alejandro Aravena,,,"The city as a complex adaptive system designed at human scale. Jacobs on emergent order in streets, Lynch's *Image of the City* on the cognitive maps of place, Gehl on life between buildings, Whyte's empirical studies of plaza use. A direct extension of Alexander's work into the civic scale and a concrete setting for pattern languages, affordance theory, and collective intelligence.",Architecture|Christopher Alexander|Pattern Languages|Ecological Psychology|Collective Intelligence|Systems Thinking|Complex Systems,||v5-pattern-languages-design-methods-and-morphological-analysis|v5-ecological-psychology-and-affordance-theory|v5-collective-intelligence-and-coordination-systems|v5-systems-thinking-and-system-dynamics|v5-complex-systems-and-chaos-theory,"Architecture, Alexander, Pattern Languages",6,Design & Making,research-topics-v6.md,2026-04-16
v6-astrobiology-and-origin-of-life,v6,B6,Astrobiology & Origin of Life,B,Tier B — Strong Specialist Additions,B,,7,,Oparin|Miller|Szostak|Kauffman|England|Deamer,,,"Prebiotic chemistry, the RNA world hypothesis, autocatalytic sets, dissipative adaptation, the Drake equation. The scientific question that Artificial Life *theorizes about* and Evolution *starts after*. Kauffman's autocatalytic sets are a direct conceptual cousin to ALife's self-organizing systems; England's dissipative-adaptation work is a live research front linking thermodynamics and origin.",Artificial Life|Evolution|Complex Systems|Thermodynamics|Morphogenesis|Philosophy of Mind (emergence of agency),v5-artificial-life-and-self-organization||v5-complex-systems-and-chaos-theory|v5-thermodynamics-statistical-mechanics-and-arrow-of-time|v5-morphogenesis-and-biological-pattern-formation|,"ALife, Evolution, Thermodynamics",7,"Life, Form & Nature",research-topics-v6.md,2026-04-16
v6-functional-programming-and-lambda-calculus,v6,B7,Functional Programming & Lambda Calculus,B,Tier B — Strong Specialist Additions,B,,10,,Church|Curry|Hughes|Wadler|Hickey,,,"A dedicated treatment distinct from Theory of Computation — the lineage from untyped lambda calculus through ML, Haskell, Scala, Clojure, and Rust's borrow system, including practical ideas (persistent data structures, monads, effects, algebraic data types) that currently show up only implicitly in the vault's software topics. Pairs tightly with Category Theory, where many FP concepts have their clean mathematical form.",Theory of Computation|Category Theory|Type Theory|Compiler Design|Software Architecture|Microservices,|v5-category-theory-and-abstract-algebra|v6-type-theory-and-homotopy-type-theory|v5-compiler-design-and-programming-language-theory||,"Computation, Category Theory, Compilers",10,Frontiers & Deep Structure,research-topics-v6.md,2026-04-16
v6-neuroethology,v6,B8,Neuroethology,B,Tier B — Strong Specialist Additions,B,,7 or 10,,Tinbergen|von Frisch|Lorenz|Heiligenberg|Shadmehr,,,"The neural basis of *natural* behavior in its ecological context — how bats echolocate, how jellyfish swim, how electric fish navigate, how birds learn song. The biological side of what robotics and affordance theory approach computationally and philosophically. Explains *why* Braitenberg's vehicles and Brooks's subsumption architectures work as well as they do.",Evolution|Cognitive Science|Ecological Psychology|Robotics|Neuroscience|MiroFish|Artificial Life,|v5-cognitive-science-and-perception|v5-ecological-psychology-and-affordance-theory|v5-robotics-and-embodied-intelligence|v5-neuroscience-and-neural-computation||v5-artificial-life-and-self-organization,"Evolution, Robotics, Cogsci, MiroFish",7,"Life, Form & Nature",research-topics-v6.md,2026-04-16
v6-behavioral-ecology-and-sociobiology,v6,B9,Behavioral Ecology & Sociobiology,B,Tier B — Strong Specialist Additions,B,,7,,Tinbergen|Hamilton|Trivers|E.O. Wilson|Dawkins|West,,,"Kin selection, reciprocal altruism, parental investment, evolutionarily stable strategies, and the empirical side of evolutionary game theory. The missing biological substrate beneath Game Theory's mathematical treatment of cooperation, and a careful treatment requires engaging the historical controversies around Wilson's sociobiology programme.",Game Theory|Evolution|Collective Intelligence|Anthropology|Economics|MiroFish,v5-game-theory-and-mechanism-design||v5-collective-intelligence-and-coordination-systems|v5-anthropology-cultural-evolution-and-technology-studies||,"Game Theory, Evolution, Collective Intelligence",7,"Life, Form & Nature",research-topics-v6.md,2026-04-16
v6-complexity-economics-and-agent-based-modeling-in-economics,v6,B10,Complexity Economics & Agent-Based Modeling in Economics,B,Tier B — Strong Specialist Additions,B,,7 or 8,,W. Brian Arthur|Doyne Farmer|Tesfatsion|Bookstaber|Kirman,,,"Out-of-equilibrium economics, heterogeneous agents, increasing returns, and the Santa Fe Institute approach to markets as ecologies. Directly complements v5's Economics and Complex Systems tracks and makes the implicit ""markets as complex adaptive systems"" move explicit through simulation and model-building.",Economics|Complex Systems|Game Theory|Multi-Agent Simulation|Artificial Life|Network Science,|v5-complex-systems-and-chaos-theory|v5-game-theory-and-mechanism-design||v5-artificial-life-and-self-organization|v5-network-science-and-graph-theory,"Economics, Complex Systems, Multi-Agent",8,Quantitative Reasoning & Decision,research-topics-v6.md,2026-04-16
v6-hypertext-and-hypermedia,v6,B11,Hypertext & Hypermedia,B,Tier B — Strong Specialist Additions,B,,5 or 6,,Vannevar Bush|Ted Nelson|Doug Engelbart|Andy van Dam|Ward Cunningham,,,"Memex, Xanadu, NLS, HyperCard, wikis, Zettelkasten, and the lineage of linked-knowledge systems. Often folded into ""History of Computing"" but rich enough to stand alone, and particularly meaningful for an Obsidian vault — it *is* this topic's living realization.",History of Computing|HCI|Information Retrieval|Writing Systems|Distributed Cognition|Memory & Mnemonics,v5-history-of-computing-and-the-personal-computer-revolution|v5-human-computer-interaction-and-interface-design||v5-writing-systems-notation-and-symbolic-representation|v5-distributed-cognition-and-the-extended-mind|,"Computing History, HCI, IR, Writing Systems",6,Design & Making,research-topics-v6.md,2026-04-16
v6-information-architecture,v6,B12,Information Architecture,B,Tier B — Strong Specialist Additions,B,,6,,Wurman|Morville|Rosenfeld|Arango,,,"How knowledge gets structured for discovery — taxonomies, facets, wayfinding, findability, and the ""polar bear"" classification of IA foundations. The design-practice counterpart to the semantic-web / knowledge-graph track and directly applicable to maintaining a vault of this kind.",Information Retrieval|HCI|Knowledge Graphs|Writing Systems|Cartography|Semiotics,|v5-human-computer-interaction-and-interface-design|v6-knowledge-graphs-ontologies-and-the-semantic-web|v5-writing-systems-notation-and-symbolic-representation|v5-cartography-and-data-visualization|v5-semiotics-structuralism-and-the-science-of-signs,"IR, HCI, Knowledge Graphs",6,Design & Making,research-topics-v6.md,2026-04-16
v6-philosophy-of-time,v6,B13,Philosophy of Time,B,Tier B — Strong Specialist Additions,B,,10,,McTaggart|Bergson|Dainton|Rovelli|Le Poidevin,,,"A-series vs. B-series, tense, presentism vs. eternalism, the ""specious present,"" duration, and Rovelli's recent thermodynamic account of time. A philosophical capstone to Thermodynamics, Relativity, and Phenomenology — the three existing vault topics in which the nature of time is already implicitly at play.",Thermodynamics|Relativity|Phenomenology|Process Philosophy|Eastern Philosophy|Cognitive Science,v5-thermodynamics-statistical-mechanics-and-arrow-of-time||v5-phenomenology-and-embodied-experience|v6-process-philosophy|v5-eastern-philosophy|v5-cognitive-science-and-perception,"Thermodynamics, Relativity, Phenomenology",10,Frontiers & Deep Structure,research-topics-v6.md,2026-04-16
v6-cliodynamics-and-mathematical-history,v6,B14,Cliodynamics & Mathematical History,B,Tier B — Strong Specialist Additions,B,,7 or 8,,Turchin|Korotayev|Goldstone|Scheidel,,,"Quantitative history — secular cycles, elite overproduction, structural-demographic theory, and long-wave models of state collapse and recovery. A rare genuinely new field that applies complex systems and dynamical modeling to centuries-long historical data. A striking demonstration that the vault's favorite tools work on the human scale, not just the biological or computational.",Complex Systems|Systems Thinking|Economics|Anthropology|History & Philosophy of Science|Dynamical Systems,v5-complex-systems-and-chaos-theory|v5-systems-thinking-and-system-dynamics||v5-anthropology-cultural-evolution-and-technology-studies|v5-history-and-philosophy-of-science|v5-dynamical-systems-and-bifurcation-theory,"Complex Systems, Dynamical Systems, Economics",8,Quantitative Reasoning & Decision,research-topics-v6.md,2026-04-16
v6-chronobiology-and-circadian-rhythms,v6,B15,Chronobiology & Circadian Rhythms,B,Tier B — Strong Specialist Additions,B,,10,,Pittendrigh|Halberg|Takahashi|Young|Foster,,,"Biological oscillators, entrainment, phase relationships, and the genetic-molecular basis of daily and seasonal rhythms. A concrete biological case of dynamical systems and a surprising bridge to music theory (rhythm, entrainment), cognitive science (attention, sleep), and architecture (lighting design).


---",Dynamical Systems|Neuroscience|Evolution|Music Theory|Cognitive Science|Architecture,v5-dynamical-systems-and-bifurcation-theory|v5-neuroscience-and-neural-computation|||v5-cognitive-science-and-perception|,"Dynamical Systems, Neuroscience, Music",10,Frontiers & Deep Structure,research-topics-v6.md,2026-04-16
v6-origami-and-computational-folding,v6,C1,Origami & Computational Folding,C,Tier C — Interesting Niche Additions,C,,10,,Robert Lang|Erik Demaine|Tomohiro Tachi|David Huffman,,,"Mathematical origami, rigid folding, Miura-ori tessellations, self-folding materials, and the algorithms that turn a target shape into a crease pattern. A clean intersection of geometry, materials, and art with direct applications to deployable structures and metamaterials.",Geometry & Topology|Materials Science|Biomimicry|Algorithmic Art|Architecture,|v5-materials-science-metamaterials-and-programmable-matter|v5-biomimicry-and-nature-inspired-design||,"Geometry, Materials, Biomimicry",10,Frontiers & Deep Structure,research-topics-v6.md,2026-04-16
v6-islamic-geometric-patterns-and-ornament,v6,C2,Islamic Geometric Patterns & Ornament,C,Tier C — Interesting Niche Additions,C,,6 or 10,,Bourgoin|Critchlow|El-Said|Lu & Steinhardt,,,"Quasiperiodic tilings, girih patterns, the Topkapı Scroll, and the discovery that 15th-century craftsmen anticipated Penrose tilings by five centuries. A concrete bridge between sacred geometry, tiling mathematics, ornament theory, and architecture.",Geometry & Topology|Architecture|Algorithmic Art|Typography|Pattern Languages,|||v5-typography-and-graphic-design-history|v5-pattern-languages-design-methods-and-morphological-analysis,"Geometry, Architecture, Algorithmic Art",6,Design & Making,research-topics-v6.md,2026-04-16
v6-dance-notation-and-movement-analysis,v6,C3,Dance Notation & Movement Analysis,C,Tier C — Interesting Niche Additions,C,,4,,Rudolf Laban|Benesh|Eshkol-Wachman|Ann Hutchinson Guest,,,"Labanotation, Benesh Movement Notation, effort-shape theory. The rare notational system for the moving body — a clean case study for the thesis that ""writing systems shape what can be expressed,"" applied to a non-textual, non-auditory medium.",Writing Systems & Notation|Semiotics|Phenomenology|Filmmaking|Music Theory (rhythm),|v5-semiotics-structuralism-and-the-science-of-signs|v5-phenomenology-and-embodied-experience||,"Writing Systems, Semiotics, Phenomenology",4,"Language, Signs & Representation",research-topics-v6.md,2026-04-16
v6-sound-design-and-foley,v6,C4,Sound Design & Foley,C,Tier C — Interesting Niche Additions,C,,9,,Walter Murch|Ben Burtt|Randy Thom|Jack Foley|Gary Rydstrom,,,"The designed soundscape of film and games, distinct from musical scoring. Murch's *In the Blink of an Eye* bridges sound design and editing; Ben Burtt's work on *Star Wars* is applied psychoacoustics. A missing companion to the vault's Filmmaking and Music Theory topics.",Filmmaking|Music Theory|Musical Acoustics & Psychoacoustics|Software Synthesizer|Game Design,||v5-musical-acoustics-and-psychoacoustics||v5-game-design-ludology-and-interactive-systems,"Filmmaking, Music, Psychoacoustics",9,"Signal, Sound & Simulation",research-topics-v6.md,2026-04-16
v6-attention-studies-and-the-attention-economy,v6,C5,Attention Studies & The Attention Economy,C,Tier C — Interesting Niche Additions,C,,5 or 6,,Herbert Simon|James Williams|Yves Citton|Jonathan Crary|Tim Wu,,,"Attention as a scarce cognitive resource, the economics of its capture, and the political and ethical stakes. Extends cognitive science into media theory and HCI with a specifically contemporary edge.",Cognitive Science|Media Theory|HCI|Economics|Philosophy of Mind,v5-cognitive-science-and-perception|v5-media-theory-and-philosophy-of-technology|v5-human-computer-interaction-and-interface-design||v5-philosophy-of-mind-and-consciousness,"Cogsci, Media Theory, HCI",5,"Culture, History & Worldview",research-topics-v6.md,2026-04-16
v6-somatic-practices-and-movement-science,v6,C6,Somatic Practices & Movement Science,C,Tier C — Interesting Niche Additions,C,,3 or 6,,F.M. Alexander|Moshé Feldenkrais|Ida Rolf|Thomas Hanna,,,"Body-centered disciplines that treat movement as a cognitive practice. A practical complement to phenomenology and embodied cognition, and an often-overlooked branch of the ""mind-body"" track in both Western and Eastern traditions.",Phenomenology|Cognitive Science|Ecological Psychology|Architecture (body in space),v5-phenomenology-and-embodied-experience|v5-cognitive-science-and-perception|v5-ecological-psychology-and-affordance-theory|,"Phenomenology, Cogsci, Ecological Psych",3,Mind & Perception,research-topics-v6.md,2026-04-16
v6-comparative-mythology-and-depth-psychology,v6,C7,Comparative Mythology & Depth Psychology,C,Tier C — Interesting Niche Additions,C,,5,,Jung|Campbell|Eliade|Hillman|Dumézil,,,"Archetypes, the monomyth, and structural patterns in myth across cultures. A psychological / anthropological counterpart to the more formal Rhetoric & Narrative topic, and a bridge to Jungian psychology's ongoing influence on design, film, and AI narrative generation.",Rhetoric & Narrative|Anthropology|Semiotics|Filmmaking|Aesthetics,|v5-anthropology-cultural-evolution-and-technology-studies|v5-semiotics-structuralism-and-the-science-of-signs||v5-aesthetics-and-philosophy-of-art,"Rhetoric, Anthropology, Semiotics",5,"Culture, History & Worldview",research-topics-v6.md,2026-04-16
v6-formal-verification-and-model-checking,v6,C8,Formal Verification & Model Checking,C,Tier C — Interesting Niche Additions,C,,10,,Dijkstra|Hoare|Clarke|Emerson|Leslie Lamport,,,"Hoare logic, separation logic, TLA⁺, CTL / LTL, and how we prove that programs meet their specifications. A practical, industrial-grade application of logic and type theory with direct relevance to distributed systems.",Logic & Formal Semantics|Type Theory|Distributed Systems (DDIA)|Theory of Computation|Compiler Design,|v6-type-theory-and-homotopy-type-theory|||v5-compiler-design-and-programming-language-theory,"Logic, Type Theory, Distributed Systems",10,Frontiers & Deep Structure,research-topics-v6.md,2026-04-16
v6-concurrency-theory,v6,C9,Concurrency Theory,C,Tier C — Interesting Niche Additions,C,,10,,Hoare (CSP)|Milner (CCS|π-calculus)|Hewitt (Actors)|Lamport,,,The mathematics and practice of concurrent computation. Deeper than the engineering-level treatment in Microservices or DDIA; the formal side of what those books handle as pragmatics.,Distributed Systems (DDIA)|Microservices|Theory of Computation|Logic|Type Theory,|||v5-logic-formal-semantics-and-model-theory|v6-type-theory-and-homotopy-type-theory,"Distributed Systems, Microservices, Computation",10,Frontiers & Deep Structure,research-topics-v6.md,2026-04-16
v6-history-of-mathematics,v6,C10,History of Mathematics,C,Tier C — Interesting Niche Additions,C,,2,,Morris Kline|Boyer|Struik|Grattan-Guinness,,,"The actual narrative of how mathematical ideas emerged — Babylonian tablets, Alexandrian geometry, Islamic algebra, European analysis, 19th-century rigor, 20th-century foundations. Complements Philosophy of Mathematics with concrete story and provides the historical grounding that makes category theory, topology, and information theory feel like events rather than eternal truths.",Philosophy of Mathematics|Category Theory|Geometry|Greek Philosophy|History & Philosophy of Science,v5-philosophy-of-mathematics|v5-category-theory-and-abstract-algebra|v5-geometry-topology-and-spatial-computation||v5-history-and-philosophy-of-science,"Phil of Math, Category Theory, Geometry",2,Structure & Connection,research-topics-v6.md,2026-04-16
v6-evolutionary-epistemology,v6,C11,Evolutionary Epistemology,C,Tier C — Interesting Niche Additions,C,,7,,Donald T. Campbell|Popper|Lorenz|Ruse|Plotkin,,,"Applies Darwinian selection to the growth of knowledge itself — conjectures and refutations as selection pressures, cognitive architectures as evolved. The cleanest bridge between Evolution and Epistemology and a natural companion to v5's planned Philosophy of Science topic.",Evolution|Epistemology|Philosophy of Science|Cognitive Science|AI,|v5-epistemology-and-philosophy-of-knowledge|v5-history-and-philosophy-of-science|v5-cognitive-science-and-perception|v5-machine-learning-and-statistical-learning-theory,"Evolution, Epistemology, Cogsci",7,"Life, Form & Nature",research-topics-v6.md,2026-04-16
v6-reservoir-computing-and-neuromorphic-computation,v6,C12,Reservoir Computing & Neuromorphic Computation,C,Tier C — Interesting Niche Additions,C,,10,,Jaeger|Maass|Mead|Indiveri|Tanaka,,,"Dynamical systems as computational substrate — echo state networks, liquid state machines, memristive hardware. A concrete fusion of dynamical systems, neuroscience, and computation that points beyond von Neumann architectures.


---",Dynamical Systems|Neuroscience|Machine Learning|Theory of Computation|Artificial Life,v5-dynamical-systems-and-bifurcation-theory|v5-neuroscience-and-neural-computation|v5-machine-learning-and-statistical-learning-theory||v5-artificial-life-and-self-organization,"Dynamical Systems, Neuroscience, ML",10,Frontiers & Deep Structure,research-topics-v6.md,2026-04-16
v7-alan-kay,v7,A1,Alan Kay,A,Group A — Individual Thinkers & Creators,,,,,Smalltalk|the Dynabook|Squeak|Croquet|the Xerox PARC Learning Research Group,"Smalltalk, Dynabook",Computing as a medium for children and thought,"One of the clearest voices on what computing could have been and might still become. Kay's work spans the Dynabook concept (a children's personal computer, conceived in 1972) that anticipated the iPad by forty years, the message-passing OOP of Smalltalk that influenced Objective-C and Ruby, the pedagogy of Squeak and Etoys for children, and a sustained critique of the software industry's failure to live up to its early promise. His talks (""The Computer Revolution Hasn't Happened Yet,"" ""Doing with Images Makes Symbols,"" ""The Future Doesn't Have to Be Incremental"") are a master class in thinking about media, tools, and amplification of human capability.",History of Computing|HCI|Seymour Papert|Bret Victor,v5-history-of-computing-and-the-personal-computer-revolution|v5-human-computer-interaction-and-interface-design|v7-seymour-papert|v7-bret-victor,,6,Design & Making,research-topics-v7.md,2026-04-16
v7-bret-victor,v7,A2,Bret Victor,A,Group A — Individual Thinkers & Creators,,,,,Inventing on Principle|Dynamicland|Learnable Programming|Magic Ink|Up and Down the Ladder of Abstraction,"Inventing on Principle, Dynamicland",Tools that let creators see what they are making,"A living continuation of the Kay / Engelbart lineage. Victor argues — and demonstrates — that creators need to *see* what they are making, and that static code with numeric literals hard-coded into it is a relic of print. *Inventing on Principle* is one of the most watched talks in software; *Dynamicland* is his ongoing experiment in turning a physical community space into a shared computational medium. The essays are as carefully written as the demos are choreographed.",HCI|Alan Kay|Writing Systems|Memory & Mnemonics (v6),v5-human-computer-interaction-and-interface-design|v7-alan-kay|v5-writing-systems-notation-and-symbolic-representation|,,6,Design & Making,research-topics-v7.md,2026-04-16
v7-donald-knuth,v7,A3,Donald Knuth,A,Group A — Individual Thinkers & Creators,,,,,The Art of Computer Programming|TeX|MetaFont|literate programming|Concrete Mathematics,"TAOCP, TeX, literate programming",Algorithms and typography as unified craft,"Fifty years into TAOCP, and still the deepest treatment of algorithmic analysis ever written. Knuth also designed TeX because he wanted his book to be typeset properly, invented literate programming (code and documentation as one woven document), co-wrote *Concrete Mathematics*, won the 1974 Turing Award, and — as ""Don Knuth"" — plays the pipe organ. A genuinely unified aesthetic of correctness, care, and beauty applied across mathematics, typography, and software.",Theory of Computation|Typography|SICP (Group B)|Compiler Design (v5),|v5-typography-and-graphic-design-history||v5-compiler-design-and-programming-language-theory,,6,Design & Making,research-topics-v7.md,2026-04-16
v7-gregory-bateson,v7,A4,Gregory Bateson,A,Group A — Individual Thinkers & Creators,,,,,Steps to an Ecology of Mind|Mind and Nature|the double-bind theory|Naven|Angels Fear,Steps to an Ecology of Mind,"""The pattern which connects"" across mind and nature","A polymath whose work reads today like a cybernetics of meaning. Bateson's ""the pattern which connects"" is one of the most evocative phrases in 20th-century thought; his double-bind theory shaped family therapy; his late work on the ecology of ideas anticipated Lovelock, Varela, and much of contemporary systems-ecology. He moved through anthropology, psychiatry, dolphin communication, and epistemology as though they were the same subject — because, for him, they were. The sentences themselves repay slow reading.",Cybernetics|Anthropology|Systems Thinking|Enactivism (v6),v5-cybernetics-and-control-theory|v5-anthropology-cultural-evolution-and-technology-studies|v5-systems-thinking-and-system-dynamics|v6-enactivism-and-enactive-cognition,,7,"Life, Form & Nature",research-topics-v7.md,2026-04-16
v7-marvin-minsky,v7,A5,Marvin Minsky,A,Group A — Individual Thinkers & Creators,,,,,The Society of Mind|The Emotion Machine|K-lines|frames|Perceptrons,The Society of Mind,"A modular, non-unified theory of cognition","Co-founder of the MIT AI Lab and one of the architects of symbolic AI. *The Society of Mind* is a modular, non-unified theory of cognition presented as 270 one-page essays — a strange and original form for a strange and original claim. Minsky was also a restless critic of neural-network orthodoxies (*Perceptrons*, with Papert) and a witty commentator on everything from Penrose's physics to Jewish mysticism. His *Emotion Machine* is a late return to the same problem from a different angle.",Cognitive Science|Philosophy of Mind|AI|Seymour Papert,v5-cognitive-science-and-perception|v5-philosophy-of-mind-and-consciousness|v5-machine-learning-and-statistical-learning-theory|v7-seymour-papert,,10,Frontiers & Deep Structure,research-topics-v7.md,2026-04-16
v7-seymour-papert,v7,A6,Seymour Papert,A,Group A — Individual Thinkers & Creators,,,,,Mindstorms|The Children's Machine|Logo|constructionism|LEGO/Logo,"Mindstorms, Logo, constructionism","Children as scientists, learning as making","The great theorist of children-as-scientists. Papert studied with Piaget in Geneva before moving to MIT; his *constructionism* argues that learning is deepest when the learner constructs a shareable artifact. Logo and its turtle are the classic instantiation, but the philosophy generalizes: every Scratch, every micro:bit, every maker-space assignment owes him a debt. *Mindstorms* (1980) remains one of the most ambitious and hopeful books ever written about computers and education.",Cognitive Science|Developmental Psychology (Group D)|Alan Kay|Minsky,v5-cognitive-science-and-perception|v7-developmental-psychology|v7-alan-kay|,,10,Frontiers & Deep Structure,research-topics-v7.md,2026-04-16
v7-rich-hickey,v7,A7,Rich Hickey,A,Group A — Individual Thinkers & Creators,,,,,"Clojure|ClojureScript|Datomic|""Simple Made Easy|"" ""Hammock-Driven Development|"" ""The Value of Values""","Clojure, Datomic, Simple Made Easy",A working programmer's philosophy of simplicity,"Hickey designs languages for the working programmer and argues carefully for each decision. Clojure brought Lisp back into industrial relevance; Datomic rethought databases around immutable facts indexed by time; the talks are as responsible as the code for shifting how a generation of developers think about simplicity, identity, and time. ""Simple Made Easy"" has become canonical; ""Hammock-Driven Development"" is a genuinely useful piece of methodology advice.",Functional Programming (v6)|Software Architecture|Building Microservices|DDIA,v6-functional-programming-and-lambda-calculus|||,,10,Frontiers & Deep Structure,research-topics-v7.md,2026-04-16
v7-leslie-lamport,v7,A8,Leslie Lamport,A,Group A — Individual Thinkers & Creators,,,,,"TLA+|Paxos|""Time|Clocks|and the Ordering of Events|"" Lamport clocks|LaTeX","TLA+, Paxos, Lamport clocks, LaTeX",Think before you code; mathematics as the thinking tool,Lamport's distributed-systems papers are so foundational that people forget he *also* gave us LaTeX. Paxos and the logical-clocks paper are indispensable; Byzantine generals formalized fault-tolerance before the term was commonplace; TLA+ is his ongoing campaign for specifying systems mathematically before coding them. His 2013 Turing Lecture argues that programmers should think before they code and that mathematics is the best thinking tool we have.,Distributed Systems (DDIA)|Formal Verification (v6)|Concurrency Theory (v6)|Type Theory (v6),|v6-formal-verification-and-model-checking|v6-concurrency-theory|v6-type-theory-and-homotopy-type-theory,,10,Frontiers & Deep Structure,research-topics-v7.md,2026-04-16
v7-brian-eno,v7,A9,Brian Eno,A,Group A — Individual Thinkers & Creators,,,,,Ambient 1: Music for Airports|Oblique Strategies|My Life in the Bush of Ghosts|77 Million Paintings|Reflection,"Ambient, Oblique Strategies, generative apps","Music as system, creativity under constraint","A composer who treats music as system, not message. Eno invented ""ambient"" as a genre, co-created the Oblique Strategies deck with Peter Schmidt as a stuck-creator's toolkit, and produced seminal records for Bowie, Talking Heads, U2, and James. His generative apps (*Bloom*, *Reflection*, the iOS generative sound installations) are direct descendants of his systems thinking. *A Year with Swollen Appendices* and the various talks on ""scenius"" are primary-source generative-art theory.",Generative Music (v5)|Algorithmic Art|Complex Systems|John Cage,v5-generative-music-and-algorithmic-composition||v5-complex-systems-and-chaos-theory|v7-john-cage,,9,"Signal, Sound & Simulation",research-topics-v7.md,2026-04-16
v7-iannis-xenakis,v7,A10,Iannis Xenakis,A,Group A — Individual Thinkers & Creators,,,,,Metastaseis|Pithoprakta|the Philips Pavilion|Formalized Music|the UPIC system,"Metastaseis, Formalized Music, UPIC",Stochastic composition and architecture as one act,"Architect, composer, engineer, and former assistant to Le Corbusier. Xenakis introduced stochastic processes, game theory, and Markov chains into musical composition; he helped design Le Corbusier's Philips Pavilion (Brussels Expo, 1958), whose ruled-surface geometry he then reused for the string-glissando score of *Metastaseis*. The UPIC system let users draw sound directly onto a graphics tablet decades before digital audio workstations did the same. *Formalized Music* remains a remarkable document: part manifesto, part mathematical appendix.",Generative Music (v5)|Architecture|Probability|Mathematical Physics (v5)|Stochastic Processes (v6),v5-generative-music-and-algorithmic-composition|||v5-mathematical-physics-and-symmetry|v6-stochastic-processes-and-random-walks,,9,"Signal, Sound & Simulation",research-topics-v7.md,2026-04-16
v7-john-cage,v7,A11,John Cage,A,Group A — Individual Thinkers & Creators,,,,,4′33″|Music of Changes|Sonatas and Interludes for Prepared Piano|Silence|HPSCHD,"4′33″, Silence, I Ching scores","Chance, silence, indeterminacy as method","The 20th century's most influential advocate of chance, silence, and the idea that anything can be listened to as music. Cage's collaborations with Merce Cunningham, his use of the *I Ching* to generate scores, and his writings (*Silence* especially) remade concert music, dance, and visual art alike. Love him or hate him, it is nearly impossible to do post-war music theory without him; his influence on Eno, the New York School, and most of generative art is direct.",Music Theory|Eastern Philosophy|Xenakis|Generative Music (v5),|v5-eastern-philosophy||v5-generative-music-and-algorithmic-composition,,9,"Signal, Sound & Simulation",research-topics-v7.md,2026-04-16
v7-andrei-tarkovsky,v7,A12,Andrei Tarkovsky,A,Group A — Individual Thinkers & Creators,,,,,Solaris|Stalker|Mirror|Andrei Rublev|Nostalghia|Sculpting in Time,"Stalker, Mirror, Sculpting in Time",Cinema as sculpture in time,"Seven films and one book of theory; no wasted gestures in any of them. Tarkovsky's long takes, textured landscapes, and patient accumulation of time make his cinema feel closer to sculpture than to narrative. The long dolly over a swampy room in *Stalker*, the burning barn in *Mirror*, the candle scene in *Nostalghia* — each is an argument about cinematic duration. *Sculpting in Time* is among the most readable books ever written by a filmmaker about their own medium.",Filmmaking|Phenomenology (v5)|Eastern Philosophy|Photography,|v5-phenomenology-and-embodied-experience|v5-eastern-philosophy|v5-photography-and-optics,,5,"Culture, History & Worldview",research-topics-v7.md,2026-04-16
v7-akira-kurosawa,v7,A13,Akira Kurosawa,A,Group A — Individual Thinkers & Creators,,,,,Seven Samurai|Rashomon|Yojimbo|Ran|Ikiru|High and Low,"Seven Samurai, Rashomon",Frame composition and multi-viewpoint narrative,"A master of frame composition and movement within the frame, and the filmmaker who — with *Rashomon* — taught mainstream cinema how to tell a story from multiple subjective viewpoints. Kurosawa's influence on Lucas, Spielberg, Leone, and the entire Hollywood action tradition is so direct that he is often more felt than cited. *Something Like an Autobiography* and his published storyboards (which are complete watercolor paintings) are primary-source craft material.",Filmmaking|Rhetoric & Narrative (v5)|Japanese Aesthetics|Moebius,||v7-japanese-aesthetics|,,5,"Culture, History & Worldview",research-topics-v7.md,2026-04-16
v7-hayao-miyazaki-studio-ghibli,v7,A14,Hayao Miyazaki / Studio Ghibli,A,Group A — Individual Thinkers & Creators,,,,,Spirited Away|My Neighbor Totoro|Princess Mononoke|Nausicaä of the Valley of the Wind|The Wind Rises,"Spirited Away, Mononoke, The Wind Rises",Hand-drawn animation with an ethics of labor,"A body of work unified by a distinctive ethic: respect for labor, skepticism of easy morality, love of the nonhuman, and a commitment to hand-drawn animation at industrial scale. *Starting Point* and *Turning Point* (Miyazaki's essay collections) are as substantial as the films. The studio itself — co-founded with Isao Takahata and Toshio Suzuki — is a case study in sustaining craft inside a punishing industry, and the 2019 documentary *Never-Ending Man* captures the ethos.",Filmmaking|Moebius|Narrative (v5)|Ethics (Group D),|||v7-ethics-consequentialism-deontology-virtue,,5,"Culture, History & Worldview",research-topics-v7.md,2026-04-16
v7-m-c-escher,v7,A15,M.C. Escher,A,Group A — Individual Thinkers & Creators,,,,,Metamorphosis|Ascending and Descending|Drawing Hands|Relativity|the Circle Limit series,"Metamorphosis, Circle Limits",Tessellation and impossible figures as visual math,"The great visual mathematician of tessellation, impossible figures, and non-Euclidean ornament. Escher's correspondence with H.S.M. Coxeter on hyperbolic tilings (Circle Limit I–IV are direct applications of Coxeter's diagrams), and his late engagement with Penrose's impossible triangle, make him a genuine bridge between fine art and formal mathematics. His prints have been over-used in kitsch, but the underlying craft is exceptional, and the drawings of regular division of the plane reward careful study.",Geometry & Topology|Islamic Geometric Patterns (v6)|GEB (Group B)|Algorithmic Art,|v6-islamic-geometric-patterns-and-ornament||,,6,Design & Making,research-topics-v7.md,2026-04-16
v7-jorge-luis-borges,v7,A16,Jorge Luis Borges,A,Group A — Individual Thinkers & Creators,,,,,Ficciones|Labyrinths|The Aleph|The Library of Babel|Tlön Uqbar Orbis Tertius,"Ficciones, Labyrinths","Infinite libraries, forking paths, hypertext avant la lettre","A library's worth of intellectual frontiers packed into short stories. Infinite books, pure-mathematical fictions, self-referential encyclopedias, time branching like a garden of forking paths. Borges's stories anticipated hypertext, multiverse cosmology, and much of postmodern metafiction — but they also simply *work* as stories, which is rarer than it sounds. His essays on Kafka, Coleridge, and the Kabbalah are nearly as strange as the fiction.",Hypertext (v6)|Philosophy of Mathematics (v5)|Eastern Philosophy|Writing Systems (v5),v6-hypertext-and-hypermedia|v5-philosophy-of-mathematics|v5-eastern-philosophy|v5-writing-systems-notation-and-symbolic-representation,,4,"Language, Signs & Representation",research-topics-v7.md,2026-04-16
v7-italo-calvino,v7,A17,Italo Calvino,A,Group A — Individual Thinkers & Creators,,,,,Invisible Cities|If on a winter's night a traveler|Cosmicomics|The Castle of Crossed Destinies|Six Memos for the Next Millennium,"Invisible Cities, Six Memos",Literary structure as combinatorial design,"A writer who treated literary structure as a combinatorial design problem. *Invisible Cities* is a field guide to unstable architectures, narrated by Marco Polo to Kublai Khan; *Cosmicomics* retells cosmology as family drama; *If on a winter's night* is a meta-novel about reading itself. *Six Memos* (lightness, quickness, exactitude, visibility, multiplicity, and the unwritten consistency) is a concise manifesto for modern craft in any medium, not just prose.",Urban Planning (v6)|Borges|Rhetoric & Narrative (v5)|Architecture,v6-urban-planning-and-urbanism|||,,4,"Language, Signs & Representation",research-topics-v7.md,2026-04-16
v7-ursula-k-le-guin,v7,A18,Ursula K. Le Guin,A,Group A — Individual Thinkers & Creators,,,,,The Left Hand of Darkness|The Dispossessed|A Wizard of Earthsea|The Carrier Bag Theory of Fiction|The Lathe of Heaven,"Left Hand of Darkness, The Dispossessed",Science fiction as moral and political philosophy,"Science fiction as serious moral and political philosophy. Le Guin's Hainish novels stage thought experiments about gender (*The Left Hand of Darkness*), anarchism (*The Dispossessed*), and communication across genuine difference (*Always Coming Home*); the Earthsea books re-centre fantasy away from Tolkien's European template. Her essays (*Dancing at the Edge of the World*, *Words Are My Matter*) are models of critical generosity, and the 2014 National Book Award speech is still worth re-reading annually.",Political Philosophy (Group D)|Anthropology (v5)|Ethics (Group D)|Comparative Mythology (v6),v7-political-philosophy|v5-anthropology-cultural-evolution-and-technology-studies|v7-ethics-consequentialism-deontology-virtue|v6-comparative-mythology-and-depth-psychology,,4,"Language, Signs & Representation",research-topics-v7.md,2026-04-16
v7-dieter-rams,v7,A19,Dieter Rams,A,Group A — Individual Thinkers & Creators,,,,,Braun|Vitsoe|the Ten Principles of Good Design|the 606 Universal Shelving System,"Braun, Vitsoe, Ten Principles","Less, but better — as sixty years of practice","Sixty years of designing objects — radios, record players, shelving, kitchen appliances — that other designers have been quietly copying ever since (the Apple iPod, iMac, and Calculator lineage is a direct homage). Rams's Ten Principles (""good design is as little design as possible,"" ""good design is thorough down to the last detail,"" ""less, but better"") are often cited but rarely practiced. His work at Braun and Vitsoe is a masterclass in what quiet design discipline can accomplish over decades.",Pattern Languages (v5)|HCI|Design of Everyday Things (Group B)|Industrial Design,v5-pattern-languages-design-methods-and-morphological-analysis|v5-human-computer-interaction-and-interface-design|v7-the-design-of-everyday-things|,,6,Design & Making,research-topics-v7.md,2026-04-16
v7-tadao-ando,v7,A20,Tadao Ando,A,Group A — Individual Thinkers & Creators,,,,,Church of the Light|Row House in Sumiyoshi|the Benesse Art Site Naoshima|the Pulitzer Arts Foundation|4x4 House,"Church of the Light, Naoshima","Concrete as sacred material, light as subject","Concrete as sacred material, light as subject. Ando — a self-taught former boxer — works almost entirely in sited monolithic concrete, with geometry borrowed from the Japanese concept of *ma* (negative space as active element). His writings insist that architecture is a means of making people aware of nature and time. The smooth board-formed concrete he popularized is an entire industry's worth of imitation; the original is still quietly better than any of them.",Architecture|Japanese Aesthetics|Phenomenology|Louis Kahn,|v7-japanese-aesthetics|v5-phenomenology-and-embodied-experience|v7-louis-kahn,,6,Design & Making,research-topics-v7.md,2026-04-16
v7-frank-lloyd-wright,v7,A21,Frank Lloyd Wright,A,Group A — Individual Thinkers & Creators,,,,,Fallingwater|Taliesin|the Robie House|the Guggenheim Museum|Broadacre City|the Usonian homes,"Fallingwater, Robie House, Guggenheim",Organic architecture from Prairie to Usonian,"The progenitor of organic architecture. Wright rejected Beaux-Arts symmetry in favour of buildings that grew from their sites, pioneered the open plan, integrated textile and stained-glass design, and worked at every scale from the single chair to the urban master plan (*Broadacre City*). His autobiography is equal parts self-mythology and genuine architectural manifesto; *The Natural House* and *A Testament* are more disciplined reads.",Architecture|Christopher Alexander|Pattern Languages (v5)|Louis Kahn,||v5-pattern-languages-design-methods-and-morphological-analysis|v7-louis-kahn,,6,Design & Making,research-topics-v7.md,2026-04-16
v7-louis-kahn,v7,A22,Louis Kahn,A,Group A — Individual Thinkers & Creators,,,,,Kimbell Art Museum|Salk Institute|National Assembly in Dhaka|Phillips Exeter Library|Yale Center for British Art,"Kimbell, Salk, Dhaka, Exeter","""What does the brick want to be?"" — structure, silence, light","Kahn arrived late, worked slowly, and built almost nothing — yet every one of his buildings is among the most celebrated of the 20th century. His famous question to a brick (""what do you want to be?"") is a design attitude more than a metaphysics: the material, the structure, the light, and the programme must all be in agreement before the design is considered honest. The documentary *My Architect* by his son Nathaniel is among the best films about architecture ever made.",Architecture|Christopher Alexander|Phenomenology|Tadao Ando,||v5-phenomenology-and-embodied-experience|v7-tadao-ando,,6,Design & Making,research-topics-v7.md,2026-04-16
v7-leonardo-da-vinci,v7,A23,Leonardo da Vinci,A,Group A — Individual Thinkers & Creators,,,,,The Codex Atlanticus|Codex Leicester|the Mona Lisa|the Vitruvian Man|anatomical studies|hydraulic and flight notebooks,"Codex Atlanticus, Codex Leicester",The integrative notebook as a way of thinking,"The original exemplar of the integrative notebook as a way of thinking. Leonardo's 7,000+ surviving pages cross-reference anatomy, hydraulics, botany, painting, military engineering, architecture, and musings on the nature of observation. Walter Isaacson's biography is a fine modern entry point; the digitized codices (British Library, Bibliothèque Nationale, the Codex Arundel) are a primary-source rabbit hole in themselves. A useful case study of how a single mind can productively cross domains when given enough time and patronage.


---",Buckminster Fuller|Memory & Mnemonics (v6)|Art History|Observation as Method,|||,,6,Design & Making,research-topics-v7.md,2026-04-16
v7-g-del-escher-bach-an-eternal-golden-braid,v7,B1,"Gödel, Escher, Bach: An Eternal Golden Braid",B,Group B — Specific Books & Seminal Texts,,,,,Douglas Hofstadter|1979,"Hofstadter, 1979",Self-reference and strange loops as the spine of mind,"A sprawling, patient, playful investigation of self-reference and strange loops as the core structure of mind. Alternating dialogues between Achilles and the Tortoise with chapters on Gödel's incompleteness theorem, Bach's crab canons, Escher's impossible figures, formal systems, genetics, ant colonies, and Zen. No book in the vault is closer in spirit to what the vault itself is trying to do. Hofstadter's later *Fluid Concepts and Creative Analogies* and *Surfaces and Essences* are the follow-on research programme.",Theory of Computation|Philosophy of Mind|Music Theory|Escher|Metaphor Theory (v6),|v5-philosophy-of-mind-and-consciousness|||v6-metaphor-theory-and-conceptual-blending,,10,Frontiers & Deep Structure,research-topics-v7.md,2026-04-16
v7-structure-and-interpretation-of-computer-programs-sicp,v7,B2,Structure and Interpretation of Computer Programs (SICP),B,Group B — Specific Books & Seminal Texts,,,,,Harold Abelson & Gerald Jay Sussman|1985 (2nd ed. 1996),"Abelson & Sussman, 1985","Abstraction, not syntax, is the subject of programming","The introductory CS textbook that teaches *abstraction* rather than syntax. Scheme is the medium, not the message; the argument is that programming is about controlling complexity, and that complexity yields to a small set of techniques — data abstraction, higher-order procedures, message-passing, metalinguistic abstraction — applied with discipline. The MIT 6.001 lectures (with Sussman and Abelson in ties and sweaters) are still among the best programming talks ever recorded.",Theory of Computation|Functional Programming (v6)|Compiler Design (v5)|Rich Hickey,|v6-functional-programming-and-lambda-calculus|v5-compiler-design-and-programming-language-theory|v7-rich-hickey,,6,Design & Making,research-topics-v7.md,2026-04-16
v7-thinking-in-systems-a-primer,v7,B3,Thinking in Systems: A Primer,B,Group B — Specific Books & Seminal Texts,,,,,Donella H. Meadows|2008 (posthumous),"Meadows, 2008","Stocks, flows, leverage points, in plain English","The most readable introduction to systems dynamics ever written. Meadows worked on *Limits to Growth*, ran the Sustainability Institute at Dartmouth, and could translate feedback-loop thinking into plain English without losing precision. Stocks and flows, balancing vs. reinforcing loops, delays, leverage points, and the twelve places to intervene in a system are all here. Meadows is already a key figure in v5's Systems Thinking topic; the book rewards direct reading.",Systems Thinking (v5)|Cybernetics|Ecology (v6)|Cliodynamics (v6),v5-systems-thinking-and-system-dynamics|v5-cybernetics-and-control-theory|v6-ecology-and-ecosystem-dynamics|v6-cliodynamics-and-mathematical-history,,7,"Life, Form & Nature",research-topics-v7.md,2026-04-16
v7-the-sciences-of-the-artificial,v7,B4,The Sciences of the Artificial,B,Group B — Specific Books & Seminal Texts,,,,,Herbert A. Simon|1969 (3rd ed. 1996),"Simon, 1969",Design deserves its own science,"Simon's slender but densely packed argument that *design* — the making of artificial systems to achieve goals under constraints — deserves its own science, distinct from but related to the natural sciences. Satisficing, bounded rationality, the parable of the ant on the beach, and the architecture of complexity all appear here. A foundational text for HCI, AI, design research, and organization theory alike.",Decision Theory (v5)|HCI|Pattern Languages (v5)|Bounded Rationality,v5-decision-theory-and-rationality|v5-human-computer-interaction-and-interface-design|v5-pattern-languages-design-methods-and-morphological-analysis|,,6,Design & Making,research-topics-v7.md,2026-04-16
v7-the-mythical-man-month,v7,B5,The Mythical Man-Month,B,Group B — Specific Books & Seminal Texts,,,,,Frederick P. Brooks|1975 (anniversary edition 1995),"Brooks, 1975",Conceptual integrity and the second-system effect,"Lessons from the IBM System/360 project, written with the unusual humility of an architect who shipped the thing. Brooks's Law (""adding manpower to a late software project makes it later""), conceptual integrity, the second-system effect, and the landmark ""No Silver Bullet"" essay all enter the software-engineering vocabulary here. Still assigned for good reason; the 1995 retrospective essay is a useful twenty-year self-critique.",Building Microservices|DDIA|Software Architecture|Collective Intelligence (v5),|||v5-collective-intelligence-and-coordination-systems,,6,Design & Making,research-topics-v7.md,2026-04-16
v7-domain-driven-design,v7,B6,Domain-Driven Design,B,Group B — Specific Books & Seminal Texts,,,,,Eric Evans|2003,"Evans, 2003",Bounded contexts and ubiquitous language,"The book that introduced bounded contexts, ubiquitous language, aggregates, and the discipline of making the domain model *and the code that runs it* the same object. DDD is now standard vocabulary for modern backend architecture; reading the source text still pays off because Evans is clearer about *why* than any of the ""DDD in a nutshell"" takeaways. Vaughn Vernon's *Implementing Domain-Driven Design* is the practical companion.",Building Microservices|DDIA|Software Architecture|Compiler Design (v5),|||v5-compiler-design-and-programming-language-theory,,6,Design & Making,research-topics-v7.md,2026-04-16
v7-zen-and-the-art-of-motorcycle-maintenance,v7,B7,Zen and the Art of Motorcycle Maintenance,B,Group B — Specific Books & Seminal Texts,,,,,Robert M. Pirsig|1974,"Pirsig, 1974",*Quality* as a metaphysical category,"A father-son motorcycle trip across the American Midwest that unfolds into a sustained philosophical inquiry into *Quality* — a category that Pirsig argues precedes the distinction between subject and object. Variously classified as memoir, novel, and philosophy, the book is still a unique blend of engineering craft, Zen, Greek philosophy, and mental-health narrative. Pirsig's sequel *Lila* develops the Metaphysics of Quality more formally.",Greek Philosophy|Eastern Philosophy|Craft Practice|Phenomenology (v5),|v5-eastern-philosophy||v5-phenomenology-and-embodied-experience,,5,"Culture, History & Worldview",research-topics-v7.md,2026-04-16
v7-finite-and-infinite-games,v7,B8,Finite and Infinite Games,B,Group B — Specific Books & Seminal Texts,,,,,James P. Carse|1986,"Carse, 1986","Two kinds of play, two kinds of life","A short, aphoristic book structured as 101 numbered propositions. Carse distinguishes *finite games* (played for the purpose of winning) from *infinite games* (played for the purpose of continuing the play), and then uses that distinction as a lens on sex, religion, politics, war, art, and nature. Stewart Brand has called it one of the most important books he has ever read; Kevin Kelly has used it as the conceptual backbone of *The Inevitable*.",Game Theory (v5)|Philosophy of Mind|Eastern Philosophy|Stewart Brand (Group B),v5-game-theory-and-mechanism-design|v5-philosophy-of-mind-and-consciousness|v5-eastern-philosophy|,,5,"Culture, History & Worldview",research-topics-v7.md,2026-04-16
v7-seeing-like-a-state,v7,B9,Seeing Like a State,B,Group B — Specific Books & Seminal Texts,,,,,James C. Scott|1998,"Scott, 1998","Legibility, metis, and the failure of high modernism","How and why large-scale schemes to improve the human condition — scientific forestry, high-modernist city planning, collectivized agriculture, Ujamaa villages — fail. Scott's concepts of *legibility*, *metis* (practical local knowledge), and *high modernism* have become indispensable vocabulary for anyone designing institutions, software systems, or public policy. His later *Against the Grain* and *The Art of Not Being Governed* are natural sequels.",Urban Planning (v6)|Anthropology (v5)|Systems Thinking (v5)|Political Philosophy (Group D),v6-urban-planning-and-urbanism|v5-anthropology-cultural-evolution-and-technology-studies|v5-systems-thinking-and-system-dynamics|v7-political-philosophy,,5,"Culture, History & Worldview",research-topics-v7.md,2026-04-16
v7-ways-of-seeing,v7,B10,Ways of Seeing,B,Group B — Specific Books & Seminal Texts,,,,,John Berger|1972,"Berger, 1972",The social politics of the image,"Companion to the four-part BBC series of the same name. Berger argues that the meaning of images is always socially constructed and that the conventions of Western oil painting encode specific ideologies around property, gender, and power. A short book that permanently changes how one reads a gallery wall — essential alongside any study of photography, advertising, or visual rhetoric.",Aesthetics (v5)|Semiotics|Media Theory (v5)|Photography (v5),v5-aesthetics-and-philosophy-of-art|v5-semiotics-structuralism-and-the-science-of-signs|v5-media-theory-and-philosophy-of-technology|v5-photography-and-optics,,5,"Culture, History & Worldview",research-topics-v7.md,2026-04-16
v7-how-buildings-learn,v7,B11,How Buildings Learn,B,Group B — Specific Books & Seminal Texts,,,,,Stewart Brand|1994,"Brand, 1994",Shearing layers of change; pace layering,"Why buildings change over time and which ones change well. Brand introduces the idea of *shearing layers of change* — Site, Structure, Skin, Services, Space plan, Stuff — moving at different rates, and argues that good architecture respects that difference. Directly applicable to software (""pace layering"" has become standard vocabulary in systems architecture), institutions, and personal knowledge systems. The accompanying BBC series is out there in various forms.",Architecture|Pattern Languages (v5)|Software Architecture|Christopher Alexander,|v5-pattern-languages-design-methods-and-morphological-analysis||,,6,Design & Making,research-topics-v7.md,2026-04-16
v7-on-growth-and-form,v7,B12,On Growth and Form,B,Group B — Specific Books & Seminal Texts,,,,,D'Arcy Wentworth Thompson|1917 (revised 1942),"D'Arcy Thompson, 1917",Foundational mathematical biology,"The foundational text of mathematical biology. Thompson asks why organisms take the shapes they do and answers in terms of surface tension, mechanical forces, logarithmic spirals, and affine transformations — a century before ""evo-devo"" was a phrase. Cited by Alan Turing in his morphogenesis paper, by Stephen Jay Gould throughout his career, and by almost everyone working in developmental biology and generative design. Thompson is already a key figure in v5's Morphogenesis topic, but the primary text itself — full of beautiful hand-drawn illustrations — is worth a slow read of its own.",Morphogenesis (v5)|Evolution|Biomimicry (v6)|Fractal Geometry (v6),v5-morphogenesis-and-biological-pattern-formation||v5-biomimicry-and-nature-inspired-design|v6-fractal-geometry-and-self-similarity,,7,"Life, Form & Nature",research-topics-v7.md,2026-04-16
v7-the-road-to-reality,v7,B13,The Road to Reality,B,Group B — Specific Books & Seminal Texts,,,,,Roger Penrose|2004,"Penrose, 2004","All of modern physics, from fractions to twistors","A ""complete guide to the laws of the universe,"" starting from fractions and ending at twistor theory, with every mathematical step supplied. Over 1,100 pages, Penrose works through complex analysis, manifolds, Lie groups, quantum field theory, and general relativity, while inserting his own heterodox views on consciousness, the measurement problem, and physical law. Either the world's most ambitious popular-physics book or the world's friendliest graduate-level reference — probably both.",Relativity|Quantum Mechanics (Group D)|Geometry & Topology|Mathematical Physics (v5),|v7-quantum-mechanics-as-physics||v5-mathematical-physics-and-symmetry,,10,Frontiers & Deep Structure,research-topics-v7.md,2026-04-16
v7-the-design-of-everyday-things,v7,B14,The Design of Everyday Things,B,Group B — Specific Books & Seminal Texts,,,,,Donald A. Norman|1988 (revised 2013),"Norman, 1988","Affordances, signifiers, gulfs of execution and evaluation","The original and still clearest treatment of affordances, signifiers, feedback, mapping, and the Gulf of Execution / Gulf of Evaluation in everyday object design. Norman's doors, stoves, and nuclear-plant control rooms taught a generation of designers that ""user error"" usually means ""design error."" Norman is cited as a figure in v5's HCI and Ecological Psychology entries; the book itself — like DDIA — rewards reading cover-to-cover on its own terms. The revised edition adds substantial material on service design and emotional design.


---",HCI|Ecological Psychology (v5)|Pattern Languages (v5)|Dieter Rams (Group A),v5-human-computer-interaction-and-interface-design|v5-ecological-psychology-and-affordance-theory|v5-pattern-languages-design-methods-and-morphological-analysis|v7-dieter-rams,,6,Design & Making,research-topics-v7.md,2026-04-16
v7-horology-and-mechanical-watchmaking,v7,C1,Horology & Mechanical Watchmaking,C,Group C — Craft-Focused Deep Dives,,,,,Breguet|Arnold|Dufour|A. Lange & Söhne|the Swiss and English traditions,"Breguet, Dufour, Daniels",Measuring time in steel and jewels,"The art of measuring time in steel and jewels. Escapements (lever, detent, chronometer, co-axial), tourbillons, perpetual calendars, minute repeaters, striking complications, and the long rivalry between the English chronometer tradition and the Swiss jewel-watch tradition. A rare craft where the physics, the precision engineering, and the ornamental hand-finishing (anglage, Geneva stripes, black polish) are all first-class considerations. George Daniels's *Watchmaking* and Philippe Dufour's interviews are primary sources.",Chronobiology (v6)|Musical Acoustics (v5)|Industrial Design|Materials Science (v5),v6-chronobiology-and-circadian-rhythms|v5-musical-acoustics-and-psychoacoustics||v5-materials-science-metamaterials-and-programmable-matter,,6,Design & Making,research-topics-v7.md,2026-04-16
v7-japanese-joinery-and-traditional-woodworking,v7,C2,Japanese Joinery & Traditional Woodworking,C,Group C — Craft-Focused Deep Dives,,,,,Shokunin tradition|Tatsuo Onishi|the sashimono and miyadaiku disciplines|George Nakashima,"Shokunin tradition, Nakashima",Wooden structure without metal fasteners,"Wooden buildings and furniture assembled without metal fasteners, through dozens of named joints (*kanawa tsugi*, *ari shiguchi*, *dado-nuki*, and many more). The tradition is as much about reading a specific piece of wood — its grain, moisture, species, and history — as about executing a technique. *The Art of Japanese Joinery* (Seike), *The Soul of a Tree* (Nakashima), and the documentary series on temple carpenter Tsunekazu Nishioka are good starting points.",Architecture|Christopher Alexander|Craft Mastery|Japanese Aesthetics (Group D),|||v7-japanese-aesthetics,,6,Design & Making,research-topics-v7.md,2026-04-16
v7-luthiery,v7,C3,Luthiery,C,Group C — Craft-Focused Deep Dives,,,,,Stradivari|Guarneri|Antonio de Torres (guitar)|the Cremonese tradition|modern makers like Samuel Zygmuntowicz,"Stradivari, Cremonese tradition",Stringed-instrument making as physics + craft,"Making stringed instruments — violins, guitars, cellos, lutes — is a synthesis of wood science, acoustics, geometry, and personal hand-feel. The Cremonese secret is mostly gone; what remains is two hundred years of attempted reverse-engineering, plus a new generation of computational luthiers using finite-element analysis and modal-matching. *The Strad* magazine archives and the Violin Society of America's journals document the current state of the art.",Musical Acoustics (v5)|Music Theory|Software Synthesizer|Materials Science (v5),v5-musical-acoustics-and-psychoacoustics|||v5-materials-science-metamaterials-and-programmable-matter,,6,Design & Making,research-topics-v7.md,2026-04-16
v7-letterpress-hand-typesetting-and-bookbinding,v7,C4,"Letterpress, Hand Typesetting & Bookbinding",C,Group C — Craft-Focused Deep Dives,,,,,Gutenberg|Bodoni|William Morris & the Kelmscott Press|modern fine presses (Arion|Thornwillow|the Whittington Press),"Gutenberg, Morris, Kelmscott",The physical substrate of typography,"The physical substrate of what v5's Typography topic treats abstractly. Setting metal type by hand, understanding the feel of a slug of lead, binding signatures, sewing cords, gilding edges, marbling endpapers: each is a self-contained craft. Useful not just as nostalgia but as a way of understanding *why* digital typography makes the decisions it does. Bringhurst's *Elements of Typographic Style* bridges the print and digital worlds.",Typography (v5)|Writing Systems (v5)|Memory & Mnemonics (v6)|Craft Mastery,v5-typography-and-graphic-design-history|v5-writing-systems-notation-and-symbolic-representation||,,6,Design & Making,research-topics-v7.md,2026-04-16
v7-calligraphy-chinese-japanese-islamic-and-latin-traditions-in-comparison,v7,C5,"Calligraphy — Chinese, Japanese, Islamic, and Latin Traditions in Comparison",C,Group C — Craft-Focused Deep Dives,,,,,Wang Xizhi|Ogata Kōrin|Ibn Muqla|Edward Johnston|modern practitioners,"Wang Xizhi, Ibn Muqla, Johnston","Four radically different answers to ""how should writing look?""","Four traditions with radically different answers to the question ""how should writing look?"" Studied side by side, they illuminate everything: the brush vs. the reed vs. the quill; the aesthetics of the character vs. the aesthetics of the line; the relationship between script and sacred text; the role of the body, the breath, and the moment. Peter Lu's work on Islamic scripts and Shigemi Komatsu's on Japanese *kana* are fine starting points; Johnston's *Writing & Illuminating & Lettering* is the Arts-and-Crafts-era primer that still reads well.",Typography (v5)|Writing Systems (v5)|Semiotics|Islamic Geometric Patterns (v6),v5-typography-and-graphic-design-history|v5-writing-systems-notation-and-symbolic-representation|v5-semiotics-structuralism-and-the-science-of-signs|v6-islamic-geometric-patterns-and-ornament,,6,Design & Making,research-topics-v7.md,2026-04-16
v7-ceramics-and-kiln-traditions,v7,C6,Ceramics & Kiln Traditions,C,Group C — Craft-Focused Deep Dives,,,,,Raku|Shōji Hamada|Bernard Leach|the anagama and noborigama kiln traditions|Song Dynasty celadons,"Hamada, Leach, mingei","Chemistry + physics + form, fired together","Pottery turns out to contain an enormous chemistry problem (glazes and body formulation) wrapped in an enormous physics problem (kiln firing schedules and reduction atmospheres) wrapped in a design problem (form, weight, tactility). The mingei folk-craft movement of Yanagi Sōetsu connects pottery to a whole philosophy of everyday beauty. Wood-fired anagama kilns run for days and their ash becomes part of the glaze; digitally-controlled electric kilns make entirely different aesthetic trade-offs.",Japanese Aesthetics (Group D)|Materials Science (v5)|Craft Mastery|Chemistry,v7-japanese-aesthetics|v5-materials-science-metamaterials-and-programmable-matter||,,6,Design & Making,research-topics-v7.md,2026-04-16
v7-fermentation-and-traditional-food-biotechnology,v7,C7,Fermentation & Traditional Food Biotechnology,C,Group C — Craft-Focused Deep Dives,,,,,Sandor Katz|Noma's fermentation lab|miso|koji|sourdough|kimchi|lambic beer|natural wine,"Katz, Noma fermentation lab",Living cultures as self-sustaining systems,Applied microbiology with thousands of years of empirical refinement. *The Art of Fermentation* (Katz) is the readable encyclopedia; *The Noma Guide to Fermentation* is the modernist-restaurant adaptation. Connecting threads run everywhere: living cultures as self-sustaining systems; flavor as a function of microbial succession; preservation without refrigeration; the Aspergillus oryzae (koji) as the most industrially consequential fungus you have never heard of.,Ecology (v6)|Cell & Molecular Biology (Group D)|Chemistry|Craft Mastery,v6-ecology-and-ecosystem-dynamics|v7-cell-and-molecular-biology||,,7,"Life, Form & Nature",research-topics-v7.md,2026-04-16
v7-perfumery-and-olfactory-composition,v7,C8,Perfumery & Olfactory Composition,C,Group C — Craft-Focused Deep Dives,,,,,Jean-Claude Ellena|Edmond Roudnitska|Luca Turin|the Grasse tradition|modern molecular perfumery,"Ellena, Roudnitska, Turin",The sense-based art with the weakest theory,"The least theoretically mature of the sense-based arts, and therefore the most promising to think carefully about. How does a perfumer construct a three-part ""accord"" — top, heart, base — from dozens of volatile molecules? What is the relationship between olfactory memory and emotion? Turin's *The Secret of Scent* proposes a quantum-vibrational theory of olfaction that remains contested; Ellena's *The Diary of a Nose* is a practitioner's memoir of sustained attention.",Cognitive Science (v5)|Chemistry|Aesthetics (v5)|Psychoanalysis (Group D),v5-cognitive-science-and-perception||v5-aesthetics-and-philosophy-of-art|v7-psychoanalysis,,10,Frontiers & Deep Structure,research-topics-v7.md,2026-04-16
v7-bonsai-and-japanese-gardening-karesansui,v7,C9,Bonsai & Japanese Gardening (Karesansui),C,Group C — Craft-Focused Deep Dives,,,,,Saihō-ji|Ryōan-ji|the Kokedera moss garden|Sen no Rikyū|Mirei Shigemori,"Saihō-ji, Ryōan-ji, Rikyū",Design at tree-time,"Design at tree-time. Bonsai is training a tree over decades or centuries; karesansui dry-rock gardens are meditations on emptiness and composition. Both make explicit that design has a temporal dimension — the final form is the whole trajectory, not the current snapshot. The tea-garden tradition (*roji*) is a further refinement where the path to the tea house is itself choreographed to prepare the visitor.",Japanese Aesthetics (Group D)|Eastern Philosophy|Permaculture (below)|Architecture,v7-japanese-aesthetics|v5-eastern-philosophy||,,7,"Life, Form & Nature",research-topics-v7.md,2026-04-16
v7-sailing-and-navigation,v7,C10,Sailing & Navigation,C,Group C — Craft-Focused Deep Dives,,,,,Joshua Slocum|Eric Hiscock|the Admiralty Manual of Seamanship|dead reckoning|celestial navigation|modern GPS and electronic charting,"Slocum, Hiscock, the Admiralty Manual","Aerodynamics, geometry, and fatigue-decisions at sea","The art of moving a small vessel on the open ocean. Rigging and sail trim are a hands-on course in applied aerodynamics; celestial navigation teaches the actual geometry of the Earth (the sextant, the nautical almanac, the sight reduction tables); watch standing is a practical course in sleep, attention, and decision-making under fatigue. Slocum's *Sailing Alone Around the World* (1900) and Hiscock's *Cruising Under Sail* are primary texts; Bernard Moitessier is the philosophical edge.",Cartography (v5)|Decision Theory (v5)|Fluid Dynamics|Survival Skills,v5-cartography-and-data-visualization|v5-decision-theory-and-rationality||,,10,Frontiers & Deep Structure,research-topics-v7.md,2026-04-16
v7-permaculture-and-regenerative-agriculture,v7,C11,Permaculture & Regenerative Agriculture,C,Group C — Craft-Focused Deep Dives,,,,,Bill Mollison|David Holmgren|Masanobu Fukuoka|Mark Shepard|Allan Savory,"Mollison, Holmgren, Fukuoka",Living-systems design at land scale,"Living-systems design at the scale of a piece of land. The twelve permaculture principles, Fukuoka's *One-Straw Revolution*, Savory's holistic grazing, Shepard's restoration agriculture, and the broader agroecology literature. A direct practical application of systems thinking, ecology, and pattern-language design to the question of how humans can inhabit land productively without degrading it.


---",Ecology (v6)|Systems Thinking (v5)|Biomimicry (v6)|Christopher Alexander,v6-ecology-and-ecosystem-dynamics|v5-systems-thinking-and-system-dynamics|v5-biomimicry-and-nature-inspired-design|,,7,"Life, Form & Nature",research-topics-v7.md,2026-04-16
v7-linear-algebra,v7,D1,Linear Algebra,D,Group D — Disciplinary Deep Dives,,,,,Strang|Axler|Halmos|Trefethen & Bau,"Strang, Axler, Trefethen & Bau","The substrate beneath ML, graphics, DSP, quantum","The mathematical substrate beneath machine learning, computer graphics, DSP, quantum mechanics, and general relativity. Matrices as linear maps, eigenvalues and eigenvectors, the singular value decomposition, tensor products, duality, and the various matrix decompositions (LU, QR, Schur, Jordan). Strang's MIT 18.06 lectures and Axler's *Linear Algebra Done Right* are the two classic on-ramps; Trefethen & Bau's *Numerical Linear Algebra* is the computational companion.",Machine Learning (v5)|DSP (v5)|Quantum Computing (v5)|Computer Graphics (v5),v5-machine-learning-and-statistical-learning-theory||v5-quantum-computing-and-quantum-information|v5-computer-graphics-and-computational-imaging,,8,Quantitative Reasoning & Decision,research-topics-v7.md,2026-04-16
v7-real-and-complex-analysis,v7,D2,Real & Complex Analysis,D,Group D — Disciplinary Deep Dives,,,,,Rudin|Ahlfors|Terence Tao|Stephen Abbott,"Rudin, Ahlfors, Tao",The rigorous machinery beneath calculus,"The rigorous machinery beneath calculus. Sequences, series, limits, continuity, differentiation, measure, integration — and then the complex plane, where analytic functions have astonishing rigidity (Cauchy's theorem, the residue theorem, the maximum modulus principle, conformal mappings). The foundation for almost all of classical applied mathematics. Abbott's *Understanding Analysis* is the gentler entry; Rudin is the rite of passage.",Probability|DSP (v5)|Mathematical Physics (v5)|Quantum Mechanics (below),||v5-mathematical-physics-and-symmetry|,,8,Quantitative Reasoning & Decision,research-topics-v7.md,2026-04-16
v7-statistics-classical-and-modern,v7,D3,Statistics (Classical & Modern),D,Group D — Disciplinary Deep Dives,,,,,Fisher|Neyman–Pearson|Tukey|Efron|Gelman,"Fisher, Tukey, Efron, Gelman","Inference, testing, experimental design","Surprisingly absent from v5 despite Probability and Machine Learning both being present. Frequentist inference, hypothesis testing, confidence intervals, experimental design (factorials, blocks, Latin squares), resampling (bootstrap, jackknife, permutation tests), modern robust statistics, and the ongoing Bayesian / frequentist dialogue. Tukey's *Exploratory Data Analysis* is a rare joy; Gelman's *Data Analysis Using Regression and Multilevel Models* is the modern applied reference.",Probability|Machine Learning (v5)|Causal Inference (v5)|Measurement Theory (v5),|v5-machine-learning-and-statistical-learning-theory|v5-causal-inference-and-causal-models|v5-measurement-theory-metrology-and-representation,,8,Quantitative Reasoning & Decision,research-topics-v7.md,2026-04-16
v7-quantum-mechanics-as-physics,v7,D4,Quantum Mechanics (as physics),D,Group D — Disciplinary Deep Dives,,,,,Dirac|Feynman|Griffiths|Sakurai|Bohm,"Dirac, Feynman, Sakurai","QM as physics, distinct from QM as computation","Distinct from v5's Quantum Computing topic, which is centred on qubits and algorithms. Here the focus is physical: Schrödinger and Heisenberg pictures, path integrals, angular momentum, scattering, identical particles, and the interpretations (Copenhagen, many-worlds, de Broglie–Bohm pilot wave, relational, QBism). Feynman's *Lectures on Physics* Volume III remains a top-tier introduction; Sakurai's *Modern Quantum Mechanics* is the graduate-level standard.",Relativity|Quantum Computing (v5)|Mathematical Physics (v5)|Philosophy of Mind,|v5-quantum-computing-and-quantum-information|v5-mathematical-physics-and-symmetry|v5-philosophy-of-mind-and-consciousness,,10,Frontiers & Deep Structure,research-topics-v7.md,2026-04-16
v7-cosmology-and-astrophysics,v7,D5,Cosmology & Astrophysics,D,Group D — Disciplinary Deep Dives,,,,,Weinberg|Peebles|Martin Rees|Penrose|the Planck|JWST|LIGO|Event Horizon Telescope eras,"Weinberg, Peebles, Rees",The outward scale from Relativity,"The outward scale from Relativity. General-relativistic cosmology, ΛCDM, inflation and its alternatives, the cosmic microwave background, dark matter and dark energy, stellar nucleosynthesis, black holes and gravitational waves. Weinberg's *The First Three Minutes* and Rees's *Just Six Numbers* are the classic popular entries; Peebles is the technical standard; *The Road to Reality* (Group B) is a useful companion.",Relativity|Quantum Mechanics|Mathematical Physics (v5)|Thermodynamics (v5),|v7-quantum-mechanics-as-physics|v5-mathematical-physics-and-symmetry|v5-thermodynamics-statistical-mechanics-and-arrow-of-time,,10,Frontiers & Deep Structure,research-topics-v7.md,2026-04-16
v7-cell-and-molecular-biology,v7,D6,Cell & Molecular Biology,D,Group D — Disciplinary Deep Dives,,,,,Alberts et al. (Molecular Biology of the Cell)|James Watson|the central dogma|modern single-cell sequencing,"Alberts, Watson, central dogma",The substrate on which evolution operates,"The substrate on which evolution actually operates. DNA replication, transcription, translation; membrane biology; the cell cycle; signaling networks; the gigantic biochemical machines (ribosomes, proteasomes, spliceosomes) that do the routine work of cellular life. Alberts's textbook is the standard; Molecular Biology of the Gene (Watson et al.) is the complementary gene-focused view; Larry Gonick's *Cartoon Guide to Genetics* is a surprisingly good popular warm-up.",Evolution|Morphogenesis (v5)|Synthetic Biology (Group E)|Complex Systems (v5),|v5-morphogenesis-and-biological-pattern-formation|v7-synthetic-biology-and-crispr-era-genetics|v5-complex-systems-and-chaos-theory,,7,"Life, Form & Nature",research-topics-v7.md,2026-04-16
v7-immunology,v7,D7,Immunology,D,Group D — Disciplinary Deep Dives,,,,,Janeway's Immunobiology|Susumu Tonegawa|Paul Ehrlich|the innate vs. adaptive systems|modern checkpoint therapies,"Janeway, Tonegawa",Self/non-self recognition as computation,"The study of self / non-self recognition at a molecular level — arguably the most explicitly computational system in biology. Antibody generation through V(D)J recombination, T-cell receptor diversity, HLA matching, inflammation, tolerance, autoimmunity, and vaccine design. An entire distributed information-processing system living inside every vertebrate, with pattern recognition, memory, and clonal-selection dynamics built in.",Evolution|Cell & Molecular Biology|Complex Systems (v5)|Network Science (v5),|v7-cell-and-molecular-biology|v5-complex-systems-and-chaos-theory|v5-network-science-and-graph-theory,,7,"Life, Form & Nature",research-topics-v7.md,2026-04-16
v7-paleontology-and-deep-time,v7,D8,Paleontology & Deep Time,D,Group D — Disciplinary Deep Dives,,,,,Stephen Jay Gould|Neil Shubin|Richard Fortey|the Burgess Shale|the five great mass extinctions,"Gould, Shubin, Fortey",The actual timescale evolution inhabits,"The actual timescale evolution inhabits. Stratigraphy, radiometric dating, fossil reconstruction, punctuated equilibrium, the major transitions in evolution (Cambrian explosion, the Devonian colonization of land, the K-Pg extinction, the rise of mammals and primates). Fortey's *Life: A Natural History of the First Four Billion Years* is a lovely single-volume tour; Gould's *Wonderful Life* remains essential on the Burgess Shale; Shubin's *Your Inner Fish* is the pop accessible entry.",Evolution|Geology|Astrobiology (v6)|History & Philosophy of Science (v5),||v6-astrobiology-and-origin-of-life|v5-history-and-philosophy-of-science,,7,"Life, Form & Nature",research-topics-v7.md,2026-04-16
v7-climate-science-and-earth-systems,v7,D9,Climate Science & Earth Systems,D,Group D — Disciplinary Deep Dives,,,,,IPCC reports|James Lovelock (Gaia hypothesis)|Johan Rockström (planetary boundaries)|Syukuro Manabe,"IPCC, Lovelock, Rockström",Systems thinking at civilizational stakes,"Large-scale systems thinking at civilizational stakes. Radiative forcing, the carbon cycle, ocean–atmosphere coupling, ice sheet dynamics, climate-sensitivity estimates, the planetary-boundaries framework, and the political economy of decarbonization. Essential to understand both as physics and as governance problem. The IPCC Working Group reports are surprisingly readable given their size; David Archer's *Global Warming: Understanding the Forecast* is a fine single-volume primer.",Systems Thinking (v5)|Ecology (v6)|Cliodynamics (v6)|Longtermism (Group E),v5-systems-thinking-and-system-dynamics|v6-ecology-and-ecosystem-dynamics|v6-cliodynamics-and-mathematical-history|v7-longtermism-and-existential-risk-studies,,7,"Life, Form & Nature",research-topics-v7.md,2026-04-16
v7-political-philosophy,v7,D10,Political Philosophy,D,Group D — Disciplinary Deep Dives,,,,,Plato|Aristotle|Hobbes|Locke|Rousseau|J.S. Mill|Rawls|Nozick|MacIntyre|Sandel,"Plato → Rawls, Nozick, Sandel",What legitimates authority and justifies justice?,"From *The Republic* to *A Theory of Justice*, the Western tradition's sustained attempt to answer a small set of hard questions: what legitimates political authority? what is justice? what do citizens owe each other? The 20th-century debates between Rawls and Nozick, and the communitarian critique from MacIntyre and Sandel, remain live and directly relevant to contemporary AI governance and platform economics. Overlaps with Greek Philosophy but deserves its own sustained thread.",Greek Philosophy|Ethics (below)|Anthropology (v5)|Economics,||v5-anthropology-cultural-evolution-and-technology-studies|,,5,"Culture, History & Worldview",research-topics-v7.md,2026-04-16
v7-ethics-consequentialism-deontology-virtue,v7,D11,Ethics (Consequentialism / Deontology / Virtue),D,Group D — Disciplinary Deep Dives,,,,,Aristotle (virtue)|Kant (deontology)|Mill & Bentham (utilitarianism)|Anscombe|Williams|Parfit|MacIntyre,"Aristotle, Kant, Mill, Parfit","Three normative traditions, applied to an AI era","The three main normative traditions, their internal varieties, and the meta-ethical questions about whether moral claims are true, objective, or reducible. Applied ethics — bioethics, environmental ethics, AI ethics — flows directly from these foundations. Parfit's *Reasons and Persons* is among the most rigorous pieces of moral philosophy ever written; Williams's *Ethics and the Limits of Philosophy* is the sharp critique from the other side.",Greek Philosophy|Political Philosophy|AI Alignment (Group E)|Philosophy of Mind,|v7-political-philosophy|v7-ai-alignment-and-safety|v5-philosophy-of-mind-and-consciousness,,5,"Culture, History & Worldview",research-topics-v7.md,2026-04-16
v7-existentialism,v7,D12,Existentialism,D,Group D — Disciplinary Deep Dives,,,,,Kierkegaard|Nietzsche|Heidegger|Sartre|Camus|de Beauvoir,"Kierkegaard, Nietzsche, Sartre, Camus","Meaning, authenticity, freedom, finitude","The Western tradition's sustained argument with itself about meaning, authenticity, freedom, and finitude. Kierkegaard's ""leap of faith,"" Nietzsche's revaluation of values, Heidegger's *Being and Time*, Sartre's ""existence precedes essence,"" Camus's absurd, de Beauvoir's ethics of ambiguity. A natural counterpoint to Eastern Philosophy, a deep prerequisite for Phenomenology, and still unusually readable compared to most academic philosophy.",Phenomenology (v5)|Eastern Philosophy|Philosophy of Mind|Ethics,v5-phenomenology-and-embodied-experience|v5-eastern-philosophy|v5-philosophy-of-mind-and-consciousness|v7-ethics-consequentialism-deontology-virtue,,5,"Culture, History & Worldview",research-topics-v7.md,2026-04-16
v7-psychoanalysis,v7,D13,Psychoanalysis,D,Group D — Disciplinary Deep Dives,,,,,Freud|Jung|Lacan|Melanie Klein|Donald Winnicott|Wilfred Bion,"Freud, Lacan, Klein, Winnicott",The structure of the unconscious (distinct from v6 Jungian track),"Distinct from v6's *Comparative Mythology & Depth Psychology*, which is framed around Jung and Joseph Campbell. Classical psychoanalysis proper is concerned with the structure of the unconscious, drives, repression, dream-work, transference, and the clinical setting. Lacan's linguistic turn (""the unconscious is structured like a language"") deserves particular attention for its influence on structuralism, critical theory, and film studies.",Comparative Mythology (v6)|Philosophy of Mind|Semiotics|Existentialism,v6-comparative-mythology-and-depth-psychology|v5-philosophy-of-mind-and-consciousness|v5-semiotics-structuralism-and-the-science-of-signs|v7-existentialism,,3,Mind & Perception,research-topics-v7.md,2026-04-16
v7-developmental-psychology,v7,D14,Developmental Psychology,D,Group D — Disciplinary Deep Dives,,,,,Piaget|Vygotsky|John Bowlby|Jerome Kagan|Michael Tomasello,"Piaget, Vygotsky, Tomasello",How minds assemble over time,"How minds assemble over time. Piagetian stages, Vygotsky's zone of proximal development, attachment theory, temperament, theory-of-mind development, and Tomasello's work on shared intentionality as the origin of human cognition. Essential for understanding Seymour Papert's constructionism and for anyone designing for children or building learning systems.",Cognitive Science (v5)|Seymour Papert (Group A)|Education|Neuroscience (v5),v5-cognitive-science-and-perception|v7-seymour-papert||v5-neuroscience-and-neural-computation,,3,Mind & Perception,research-topics-v7.md,2026-04-16
v7-flow-and-positive-psychology,v7,D15,Flow & Positive Psychology,D,Group D — Disciplinary Deep Dives,,,,,Csikszentmihalyi|Seligman|Peterson|Fredrickson,"Csikszentmihalyi, Seligman","A psychology of flourishing, not just of deficit","A psychology concerned with what makes lives flourish rather than with what makes them fail. Flow (total absorption in challenge-matched activity), character strengths, gratitude, resilience, meaningful engagement. The field has internal debates about rigor (the replication crisis has been unkind to parts of it), but the core findings on flow in particular are a useful bridge from cognition to craft practice — and from clinical-deficit models of the mind to capability-building ones.",Craft Mastery|Cognitive Science (v5)|Music Theory|HCI,|v5-cognitive-science-and-perception||v5-human-computer-interaction-and-interface-design,,3,Mind & Perception,research-topics-v7.md,2026-04-16
v7-japanese-aesthetics,v7,D16,Japanese Aesthetics,D,Group D — Disciplinary Deep Dives,,,,,Yanagi Sōetsu (The Unknown Craftsman)|Tanizaki (In Praise of Shadows)|Okakura Kakuzō (The Book of Tea)|Zeami,"Yanagi, Tanizaki, Okakura, Zeami","wabi-sabi, mono no aware, yūgen, ma as a unified theory","A unified theory assembled across centuries of poetry, tea ceremony, Noh theatre, pottery, ink painting, and architecture. *Wabi-sabi* (beauty of imperfection and impermanence), *mono no aware* (the pathos of transient things), *yūgen* (profound mystery), *ma* (negative space), *iki* (sophisticated restraint), *shibui* (astringent beauty). Tanizaki's *In'ei Raisan* is a fine literary distillation; Donald Keene's surveys are the scholarly entry.


---",Eastern Philosophy|Aesthetics (v5)|Architecture|Tadao Ando (Group A),v5-eastern-philosophy|v5-aesthetics-and-philosophy-of-art||v7-tadao-ando,,5,"Culture, History & Worldview",research-topics-v7.md,2026-04-16
v7-ai-alignment-and-safety,v7,E1,AI Alignment & Safety,E,Group E — Emerging & Speculative,,,,,Stuart Russell (Human Compatible)|Nick Bostrom (Superintelligence)|Paul Christiano|Dario Amodei|the RLHF|constitutional AI|scalable oversight research programmes,"Russell, Bostrom, Christiano, Amodei",Making AI reliably do what we actually want,"The technical and philosophical question of how to build AI systems whose behavior reliably matches what we actually want. Reward specification, inner/outer alignment, deceptive alignment, corrigibility, interpretability as an alignment tool, scalable oversight (debate, iterated amplification, constitutional AI), and the open question of what ""values"" even means for systems we do not fully understand. Active research on this frontier is unusually public; the LessWrong and Alignment Forum archives are primary source material.",Machine Learning (v5)|Decision Theory (v5)|Ethics (Group D)|Philosophy of Mind,v5-machine-learning-and-statistical-learning-theory|v5-decision-theory-and-rationality|v7-ethics-consequentialism-deontology-virtue|v5-philosophy-of-mind-and-consciousness,,10,Frontiers & Deep Structure,research-topics-v7.md,2026-04-16
v7-mechanistic-interpretability,v7,E2,Mechanistic Interpretability,E,Group E — Emerging & Speculative,,,,,Chris Olah|Neel Nanda|the Anthropic interpretability team|the Transformer Circuits thread|sparse autoencoders|dictionary learning,"Olah, Nanda, Anthropic interp team",Reverse-engineering trained networks,"The neuroscience of artificial neural networks: circuits, features, superposition, induction heads, monosemantic neurons, dictionary learning from activations. The research programme attempts to reverse-engineer what trained networks actually compute, bottom-up, through individual components rather than via behavioral probing. Still young as a field but already producing fine-grained results on small-to-medium language models and vision models.",AI Alignment|Machine Learning (v5)|Neuroscience (v5)|Reservoir Computing (v6),v7-ai-alignment-and-safety|v5-machine-learning-and-statistical-learning-theory|v5-neuroscience-and-neural-computation|v6-reservoir-computing-and-neuromorphic-computation,,10,Frontiers & Deep Structure,research-topics-v7.md,2026-04-16
v7-synthetic-biology-and-crispr-era-genetics,v7,E3,Synthetic Biology & CRISPR-era Genetics,E,Group E — Emerging & Speculative,,,,,Jennifer Doudna|Emmanuelle Charpentier|George Church|Drew Endy|Craig Venter|the iGEM competition,"Doudna, Charpentier, Church, Endy",Engineering life,"Engineering life. CRISPR/Cas gene editing, prime editing, base editing, gene drives, synthetic genomes, designer microbes for drug and materials production, xenobots, and the nascent field of ""living materials."" Questions span the technical (delivery, off-target effects, immunogenicity), the ecological (gene drives in the wild, population-level impact), and the ethical (germline editing, de-extinction, the limits of consent).",Cell & Molecular Biology|Evolution|Astrobiology (v6)|Ethics (Group D),v7-cell-and-molecular-biology||v6-astrobiology-and-origin-of-life|v7-ethics-consequentialism-deontology-virtue,,10,Frontiers & Deep Structure,research-topics-v7.md,2026-04-16
v7-brain-computer-interfaces-and-spatial-computing,v7,E4,Brain-Computer Interfaces & Spatial Computing,E,Group E — Emerging & Speculative,,,,,Neuralink|BrainGate|Synchron|Meta Reality Labs|Apple Vision Pro|the Sutherland tradition,"Neuralink, BrainGate, Vision Pro",Where phenomenology and hardware meet,"Where phenomenology and hardware meet. Invasive vs. non-invasive BCIs (microelectrodes, ECoG, EEG, fMRI, MEG, fNIRS), motor imagery decoding, speech synthesis from cortical signals, and the convergence with AR/VR into ""spatial computing."" Raises serious questions about embodiment, agency, privacy, and the limits of first-person experience — and is beginning to deliver real clinical results for locked-in patients.",HCI|Phenomenology (v5)|Neuroscience (v5)|Robotics (v5),v5-human-computer-interaction-and-interface-design|v5-phenomenology-and-embodied-experience|v5-neuroscience-and-neural-computation|v5-robotics-and-embodied-intelligence,,10,Frontiers & Deep Structure,research-topics-v7.md,2026-04-16
v7-prediction-markets-and-epistemic-infrastructure,v7,E5,Prediction Markets & Epistemic Infrastructure,E,Group E — Emerging & Speculative,,,,,Robin Hanson|Manifold|Polymarket|Kalshi|the Good Judgment Project|Philip Tetlock,"Hanson, Manifold, Polymarket, Tetlock",Forecasting as a civic tool,"Forecasting as a civic tool. The theory of prediction markets (information aggregation, incentive compatibility, manipulation-resistance, liquidity dynamics) and the practice (what actually happens when you run one at scale, including the politics of which contracts are legal where). Superforecasting, calibration training, scoring rules. An under-appreciated branch of collective intelligence work, still establishing its institutional form.",Decision Theory (v5)|Collective Intelligence (v5)|Game Theory (v5)|Causal Inference (v5),v5-decision-theory-and-rationality|v5-collective-intelligence-and-coordination-systems|v5-game-theory-and-mechanism-design|v5-causal-inference-and-causal-models,,10,Frontiers & Deep Structure,research-topics-v7.md,2026-04-16
v7-longtermism-and-existential-risk-studies,v7,E6,Longtermism & Existential Risk Studies,E,Group E — Emerging & Speculative,,,,,Nick Bostrom|Derek Parfit|Toby Ord (The Precipice)|William MacAskill|Owen Cotton-Barratt|the Future of Humanity Institute and CSER,"Bostrom, Ord, MacAskill",The normative frame for civilizational thinking,"The normative claim that the long-term future matters morally, and the empirical study of what could prevent humanity from having one. Asteroid impacts, engineered pandemics, unaligned AI, great-power nuclear war, engineered totalitarianism. Philosophically contested (population ethics is hard; strong longtermism has prominent critics), but the research programme has become institutionally serious in the past decade.",Ethics|AI Alignment|Cliodynamics (v6)|Political Philosophy,v7-ethics-consequentialism-deontology-virtue|v7-ai-alignment-and-safety|v6-cliodynamics-and-mathematical-history|v7-political-philosophy,,10,Frontiers & Deep Structure,research-topics-v7.md,2026-04-16
v7-digital-commons-and-platform-economics,v7,E7,Digital Commons & Platform Economics,E,Group E — Emerging & Speculative,,,,,Elinor Ostrom (translated to digital)|Yochai Benkler|Shoshana Zuboff|the Wikipedia governance model|open-source stewardship patterns,"Ostrom (digital), Benkler, Zuboff",Commons theory meeting the modern internet,"Ostrom-style commons theory meeting the modern internet. The governance of digital commons (Wikipedia, open-source software, open scientific knowledge), platform monopoly dynamics, algorithmic labor markets, data commons and data trusts, and the ongoing legal and political contest over what ""public infrastructure"" means in a fully online economy. Zuboff's *Surveillance Capitalism* is the critical pole; Benkler's *Wealth of Networks* is the constructive pole.


---",Economics|Collective Intelligence (v5)|Anthropology (v5)|Attention Economy (v6),|v5-collective-intelligence-and-coordination-systems|v5-anthropology-cultural-evolution-and-technology-studies|v6-attention-studies-and-the-attention-economy,,10,Frontiers & Deep Structure,research-topics-v7.md,2026-04-16
